Serial no.,Predicted Label,Actual Label
1,9,9
2,2,2
3,1,1
4,1,1
5,6,6
6,1,1
7,4,4
8,6,6
9,5,5
10,7,7
11,4,4
12,5,5
13,7,7
14,3,3
15,4,4
16,1,1
17,2,2
18,2,4
19,8,8
20,0,0
21,2,2
22,5,5
23,7,7
24,7,9
25,1,1
26,2,4
27,6,6
28,0,0
29,9,9
30,3,3
31,8,8
32,8,8
33,3,3
34,3,3
35,8,8
36,0,0
37,7,7
38,5,5
39,7,7
40,9,9
41,0,6
42,1,1
43,3,3
44,7,7
45,6,6
46,7,7
47,2,2
48,1,1
49,2,2
50,6,2
51,4,4
52,2,4
53,5,5
54,8,8
55,2,2
56,2,2
57,8,8
58,4,4
59,8,8
60,0,0
61,7,7
62,7,7
63,8,8
64,5,5
65,1,1
66,1,1
67,0,2
68,4,3
69,7,9
70,8,8
71,7,7
72,0,0
73,2,2
74,6,6
75,2,2
76,3,3
77,1,1
78,2,2
79,8,8
80,4,4
81,1,1
82,8,8
83,5,5
84,9,9
85,5,5
86,0,0
87,3,3
88,2,2
89,0,0
90,2,6
91,5,5
92,0,3
93,6,6
94,7,7
95,1,1
96,8,8
97,0,0
98,1,1
99,4,4
100,2,2
101,3,3
102,6,6
103,7,7
104,2,2
105,7,7
106,8,8
107,5,5
108,7,9
109,9,9
110,4,4
111,2,2
112,5,5
113,7,7
114,0,0
115,5,5
116,2,2
117,8,8
118,4,6
119,7,7
120,8,8
121,0,0
122,0,0
123,9,9
124,9,9
125,3,3
126,0,0
127,8,8
128,2,4
129,1,1
130,5,5
131,4,4
132,1,1
133,9,9
134,1,1
135,8,8
136,4,6
137,2,2
138,1,1
139,2,2
140,5,5
141,1,1
142,6,0
143,0,0
144,0,0
145,1,1
146,6,6
147,1,1
148,3,6
149,2,2
150,2,2
151,3,4
152,2,4
153,1,1
154,3,4
155,5,5
156,0,0
157,4,4
158,7,7
159,9,9
160,3,3
161,7,7
162,2,2
163,3,3
164,9,9
165,0,0
166,9,9
167,4,4
168,7,7
169,4,4
170,2,2
171,6,0
172,5,5
173,2,2
174,1,1
175,2,2
176,1,1
177,3,3
178,0,0
179,9,9
180,1,1
181,0,0
182,9,9
183,3,3
184,8,6
185,7,7
186,9,9
187,9,9
188,4,4
189,4,4
190,7,7
191,1,1
192,2,2
193,1,1
194,6,6
195,3,3
196,2,2
197,8,8
198,3,3
199,6,6
200,1,1
201,1,1
202,0,0
203,2,2
204,9,9
205,2,2
206,4,4
207,0,0
208,7,7
209,9,9
210,8,8
211,4,4
212,1,1
213,8,8
214,4,4
215,1,1
216,3,3
217,1,1
218,6,6
219,7,7
220,2,2
221,8,8
222,8,5
223,3,2
224,0,0
225,7,7
226,7,7
227,6,6
228,6,2
229,7,7
230,0,0
231,7,7
232,8,8
233,9,9
234,2,2
235,9,9
236,0,0
237,5,5
238,1,1
239,4,4
240,2,4
241,5,5
242,6,6
243,9,9
244,2,2
245,2,6
246,8,8
247,6,6
248,4,4
249,6,2
250,4,2
251,9,9
252,7,7
253,6,6
254,5,5
255,5,5
256,4,2
257,8,8
258,5,5
259,2,2
260,3,3
261,0,0
262,4,4
263,8,8
264,0,0
265,0,0
266,6,6
267,3,3
268,8,8
269,9,9
270,6,6
271,1,1
272,6,3
273,0,0
274,2,2
275,3,3
276,0,0
277,8,8
278,3,3
279,7,7
280,4,4
281,0,0
282,1,1
283,2,6
284,3,3
285,0,0
286,6,6
287,6,6
288,7,7
289,5,5
290,4,4
291,5,5
292,9,9
293,5,5
294,6,6
295,5,5
296,5,5
297,1,1
298,9,9
299,8,8
300,3,8
301,3,3
302,3,3
303,6,6
304,8,8
305,0,0
306,0,0
307,2,2
308,9,9
309,7,7
310,7,7
311,1,1
312,6,3
313,6,6
314,6,4
315,6,2
316,4,4
317,7,9
318,1,1
319,6,6
320,4,4
321,8,8
322,2,2
323,6,6
324,5,5
325,6,4
326,2,6
327,7,7
328,7,7
329,7,7
330,3,3
331,3,3
332,7,7
333,6,0
334,7,7
335,1,1
336,3,3
337,7,7
338,2,2
339,2,2
340,3,3
341,4,4
342,6,0
343,3,3
344,1,1
345,0,6
346,1,1
347,9,9
348,4,4
349,9,9
350,9,9
351,1,1
352,7,7
353,8,8
354,3,3
355,6,6
356,0,0
357,2,2
358,4,4
359,8,8
360,6,0
361,1,1
362,6,2
363,2,2
364,4,4
365,2,4
366,7,7
367,3,3
368,4,2
369,2,2
370,5,5
371,0,0
372,7,7
373,9,9
374,4,4
375,6,0
376,9,9
377,3,3
378,9,9
379,8,4
380,2,2
381,5,5
382,6,0
383,0,2
384,3,3
385,5,5
386,8,8
387,1,1
388,6,6
389,2,2
390,6,6
391,6,6
392,4,4
393,9,9
394,5,5
395,2,2
396,0,0
397,6,4
398,6,6
399,1,1
400,2,2
401,0,0
402,9,9
403,7,7
404,0,0
405,3,4
406,4,4
407,2,6
408,0,6
409,2,2
410,3,1
411,6,0
412,6,6
413,7,7
414,2,2
415,9,9
416,4,4
417,2,2
418,1,1
419,5,5
420,4,4
421,5,5
422,3,3
423,8,8
424,5,5
425,8,8
426,4,4
427,4,4
428,8,8
429,9,9
430,8,8
431,6,6
432,2,2
433,4,4
434,4,4
435,2,2
436,4,4
437,1,1
438,6,6
439,1,1
440,3,3
441,0,0
442,7,9
443,8,8
444,8,8
445,4,6
446,5,5
447,3,3
448,1,1
449,9,9
450,5,5
451,3,3
452,3,3
453,0,0
454,1,1
455,2,0
456,2,2
457,9,9
458,4,2
459,0,0
460,6,6
461,0,3
462,4,4
463,2,2
464,0,0
465,0,0
466,3,3
467,3,3
468,8,8
469,2,2
470,8,8
471,9,9
472,2,4
473,0,0
474,7,7
475,0,6
476,4,4
477,6,4
478,9,9
479,2,2
480,9,9
481,5,5
482,9,9
483,3,3
484,7,7
485,5,5
486,7,7
487,8,8
488,1,1
489,0,0
490,0,0
491,6,3
492,4,4
493,8,8
494,9,9
495,7,7
496,9,9
497,1,1
498,2,2
499,7,7
500,0,0
501,2,2
502,0,0
503,5,5
504,7,7
505,1,1
506,8,8
507,2,2
508,2,2
509,2,2
510,2,2
511,4,4
512,2,2
513,6,6
514,1,1
515,9,9
516,8,8
517,5,5
518,1,1
519,9,9
520,1,1
521,2,2
522,8,8
523,3,3
524,8,8
525,9,9
526,2,2
527,2,4
528,6,2
529,8,8
530,2,8
531,2,2
532,0,0
533,5,5
534,8,8
535,8,8
536,5,5
537,3,3
538,9,9
539,4,4
540,3,3
541,4,4
542,2,4
543,5,5
544,1,1
545,0,0
546,1,1
547,2,2
548,0,0
549,6,6
550,9,9
551,6,6
552,1,1
553,5,5
554,1,1
555,1,1
556,1,1
557,9,9
558,3,3
559,2,4
560,5,5
561,3,3
562,6,6
563,2,6
564,0,6
565,4,4
566,0,6
567,0,0
568,5,5
569,8,8
570,2,3
571,3,3
572,4,4
573,0,6
574,7,7
575,7,7
576,8,8
577,9,9
578,3,0
579,6,3
580,8,8
581,7,7
582,6,6
583,7,7
584,9,9
585,3,3
586,4,4
587,0,6
588,0,6
589,5,5
590,8,0
591,1,1
592,1,1
593,5,5
594,9,9
595,4,4
596,2,6
597,5,5
598,7,7
599,8,8
600,1,1
601,2,2
602,9,9
603,7,7
604,7,7
605,1,1
606,0,0
607,9,9
608,3,3
609,2,2
610,9,9
611,0,0
612,7,7
613,6,6
614,8,8
615,2,2
616,7,7
617,0,0
618,2,2
619,3,3
620,8,8
621,2,2
622,2,2
623,6,6
624,9,9
625,3,3
626,0,0
627,7,7
628,8,8
629,0,6
630,2,2
631,9,9
632,4,4
633,2,2
634,6,6
635,2,6
636,1,8
637,0,0
638,4,4
639,4,4
640,2,4
641,7,7
642,5,5
643,8,8
644,4,4
645,9,9
646,1,1
647,0,0
648,5,5
649,4,4
650,4,4
651,4,4
652,0,0
653,0,0
654,4,4
655,5,5
656,6,6
657,0,0
658,4,4
659,5,5
660,4,4
661,1,1
662,0,3
663,1,1
664,3,1
665,2,6
666,4,4
667,3,3
668,8,8
669,2,2
670,8,8
671,6,2
672,5,7
673,0,0
674,4,4
675,0,0
676,8,8
677,5,5
678,0,0
679,8,8
680,2,2
681,9,9
682,0,0
683,8,8
684,9,9
685,6,6
686,4,4
687,2,2
688,9,9
689,2,3
690,2,4
691,5,5
692,0,0
693,9,9
694,5,5
695,3,3
696,6,6
697,6,6
698,2,8
699,3,3
700,3,3
701,8,8
702,3,1
703,4,4
704,0,0
705,9,9
706,7,7
707,9,9
708,4,4
709,8,8
710,9,9
711,1,1
712,3,6
713,7,7
714,3,3
715,0,0
716,2,2
717,6,6
718,7,7
719,1,1
720,0,0
721,0,0
722,8,8
723,7,5
724,2,2
725,6,6
726,4,6
727,6,6
728,4,4
729,1,1
730,5,5
731,9,9
732,0,0
733,0,2
734,1,1
735,6,6
736,5,5
737,0,0
738,0,0
739,3,3
740,3,3
741,3,3
742,8,8
743,1,1
744,1,1
745,8,8
746,5,5
747,7,7
748,7,7
749,8,8
750,7,7
751,2,2
752,0,0
753,7,7
754,0,3
755,8,8
756,0,0
757,9,9
758,7,7
759,6,6
760,1,1
761,3,2
762,2,6
763,4,4
764,8,8
765,0,0
766,6,6
767,3,3
768,6,6
769,8,8
770,4,4
771,0,0
772,8,8
773,9,9
774,2,2
775,4,4
776,5,5
777,9,9
778,1,1
779,4,4
780,4,4
781,9,9
782,2,2
783,1,1
784,7,7
785,9,9
786,5,5
787,8,8
788,3,1
789,7,7
790,7,7
791,1,1
792,1,1
793,1,1
794,6,6
795,9,9
796,5,5
797,3,3
798,8,8
799,4,4
800,2,2
801,9,7
802,2,4
803,8,8
804,3,3
805,2,2
806,2,4
807,4,4
808,7,7
809,1,1
810,4,4
811,9,9
812,3,3
813,5,5
814,8,8
815,5,5
816,4,4
817,7,7
818,2,2
819,8,8
820,5,5
821,9,9
822,3,3
823,3,3
824,2,6
825,7,7
826,1,1
827,7,7
828,3,3
829,5,5
830,4,4
831,4,4
832,5,5
833,8,8
834,3,3
835,7,7
836,1,1
837,2,2
838,6,6
839,1,1
840,9,9
841,8,8
842,4,2
843,7,7
844,1,1
845,4,3
846,7,7
847,5,5
848,9,9
849,9,9
850,1,1
851,8,8
852,4,2
853,5,5
854,7,7
855,1,1
856,9,9
857,8,8
858,1,1
859,0,0
860,0,0
861,2,6
862,1,1
863,7,7
864,1,1
865,1,1
866,5,5
867,7,7
868,1,1
869,5,5
870,2,2
871,2,2
872,3,3
873,3,3
874,1,1
875,1,1
876,4,4
877,9,9
878,4,4
879,3,3
880,7,7
881,7,7
882,0,0
883,8,8
884,9,9
885,9,9
886,6,6
887,1,1
888,1,3
889,4,4
890,0,0
891,3,0
892,5,5
893,9,9
894,2,2
895,3,0
896,5,5
897,5,5
898,1,1
899,5,5
900,7,7
901,8,8
902,7,7
903,9,5
904,3,3
905,6,6
906,2,4
907,0,0
908,4,4
909,0,0
910,6,6
911,0,0
912,2,2
913,5,5
914,5,5
915,1,1
916,2,2
917,0,0
918,9,9
919,3,3
920,7,7
921,8,8
922,4,6
923,8,8
924,3,3
925,4,4
926,7,7
927,6,0
928,7,7
929,4,4
930,8,8
931,6,0
932,3,3
933,4,4
934,4,4
935,3,3
936,6,4
937,9,9
938,6,0
939,6,6
940,4,4
941,9,9
942,1,1
943,8,8
944,1,1
945,7,7
946,9,5
947,5,5
948,6,6
949,6,0
950,2,2
951,1,1
952,0,0
953,5,5
954,4,4
955,0,0
956,0,0
957,2,6
958,7,7
959,5,5
960,0,0
961,3,3
962,5,5
963,9,9
964,4,6
965,8,8
966,6,0
967,6,6
968,4,4
969,6,6
970,2,2
971,9,9
972,0,6
973,7,7
974,7,7
975,1,1
976,4,4
977,4,2
978,6,6
979,5,5
980,0,3
981,9,9
982,9,9
983,8,8
984,8,8
985,3,3
986,0,0
987,2,2
988,4,4
989,6,6
990,6,6
991,3,3
992,2,2
993,3,3
994,7,5
995,2,4
996,9,9
997,3,3
998,4,4
999,7,7
1000,7,7
1001,6,0
1002,3,3
1003,5,5
1004,5,5
1005,2,6
1006,2,0
1007,5,5
1008,9,9
1009,2,6
1010,3,3
1011,7,7
1012,5,5
1013,1,1
1014,9,9
1015,8,8
1016,8,8
1017,9,9
1018,9,9
1019,2,2
1020,7,7
1021,2,2
1022,2,2
1023,3,3
1024,8,8
1025,7,7
1026,4,6
1027,4,4
1028,5,5
1029,4,4
1030,3,3
1031,6,6
1032,1,1
1033,4,4
1034,9,9
1035,3,3
1036,1,1
1037,6,6
1038,5,5
1039,0,0
1040,5,5
1041,7,7
1042,5,5
1043,2,2
1044,3,3
1045,3,3
1046,9,9
1047,6,6
1048,3,3
1049,6,6
1050,0,0
1051,4,4
1052,9,5
1053,0,0
1054,2,4
1055,9,9
1056,2,4
1057,0,6
1058,3,3
1059,4,6
1060,7,7
1061,0,0
1062,2,2
1063,1,1
1064,1,1
1065,4,4
1066,6,4
1067,6,8
1068,5,5
1069,9,9
1070,0,0
1071,1,1
1072,6,6
1073,5,5
1074,1,1
1075,4,4
1076,4,4
1077,8,8
1078,4,4
1079,7,7
1080,5,7
1081,3,3
1082,8,8
1083,3,1
1084,1,1
1085,9,9
1086,8,8
1087,1,1
1088,3,3
1089,3,3
1090,7,7
1091,5,5
1092,1,1
1093,5,5
1094,7,7
1095,6,8
1096,9,9
1097,6,6
1098,3,3
1099,9,5
1100,8,8
1101,4,4
1102,6,4
1103,3,3
1104,8,8
1105,6,4
1106,5,5
1107,5,5
1108,6,6
1109,7,7
1110,1,1
1111,5,5
1112,3,0
1113,5,5
1114,4,4
1115,8,8
1116,6,6
1117,2,2
1118,1,1
1119,1,1
1120,7,7
1121,9,9
1122,2,6
1123,2,2
1124,7,7
1125,6,0
1126,4,4
1127,8,8
1128,2,2
1129,2,2
1130,0,6
1131,6,6
1132,4,6
1133,4,4
1134,9,9
1135,6,6
1136,8,8
1137,4,4
1138,5,5
1139,9,9
1140,6,0
1141,3,3
1142,9,9
1143,6,4
1144,9,9
1145,8,8
1146,7,7
1147,4,4
1148,2,2
1149,2,2
1150,7,5
1151,3,3
1152,7,7
1153,0,6
1154,7,7
1155,2,2
1156,9,9
1157,3,3
1158,7,7
1159,6,0
1160,9,9
1161,3,4
1162,8,8
1163,4,6
1164,4,4
1165,7,7
1166,2,6
1167,4,4
1168,6,6
1169,2,2
1170,0,0
1171,7,7
1172,8,8
1173,4,4
1174,2,2
1175,4,6
1176,5,5
1177,5,5
1178,6,6
1179,4,4
1180,5,5
1181,5,5
1182,8,8
1183,1,1
1184,1,1
1185,7,7
1186,4,4
1187,6,6
1188,9,9
1189,6,6
1190,8,8
1191,7,7
1192,2,2
1193,2,2
1194,1,1
1195,6,2
1196,7,7
1197,7,7
1198,6,6
1199,9,9
1200,8,8
1201,5,5
1202,1,1
1203,1,1
1204,0,0
1205,2,2
1206,0,0
1207,9,9
1208,3,0
1209,1,1
1210,9,9
1211,0,6
1212,5,5
1213,5,5
1214,2,2
1215,0,0
1216,7,7
1217,0,0
1218,2,2
1219,3,0
1220,1,1
1221,3,3
1222,1,1
1223,3,3
1224,6,4
1225,7,7
1226,2,2
1227,4,4
1228,9,9
1229,5,5
1230,2,2
1231,9,9
1232,6,0
1233,3,3
1234,4,4
1235,4,4
1236,6,6
1237,0,6
1238,5,5
1239,2,2
1240,2,2
1241,5,5
1242,6,6
1243,1,1
1244,4,4
1245,2,2
1246,5,5
1247,4,4
1248,4,4
1249,8,8
1250,0,0
1251,2,2
1252,4,4
1253,0,0
1254,4,6
1255,3,2
1256,6,6
1257,8,8
1258,3,3
1259,8,8
1260,2,2
1261,0,0
1262,4,4
1263,4,4
1264,8,8
1265,8,8
1266,4,4
1267,5,5
1268,2,2
1269,2,2
1270,3,3
1271,0,0
1272,1,1
1273,9,9
1274,0,0
1275,9,9
1276,1,1
1277,9,9
1278,0,6
1279,5,5
1280,2,2
1281,4,2
1282,7,7
1283,3,3
1284,8,8
1285,7,5
1286,0,0
1287,8,8
1288,0,0
1289,7,7
1290,5,5
1291,5,5
1292,9,9
1293,5,5
1294,0,0
1295,0,6
1296,0,0
1297,3,3
1298,2,4
1299,4,4
1300,4,4
1301,5,8
1302,7,7
1303,1,1
1304,3,3
1305,4,4
1306,6,0
1307,6,6
1308,5,5
1309,1,1
1310,6,6
1311,7,7
1312,3,3
1313,4,4
1314,8,8
1315,8,8
1316,4,2
1317,8,8
1318,9,9
1319,4,4
1320,1,1
1321,6,6
1322,5,5
1323,2,2
1324,7,7
1325,8,8
1326,5,5
1327,6,3
1328,8,8
1329,5,5
1330,2,4
1331,2,2
1332,8,8
1333,9,9
1334,8,8
1335,6,4
1336,3,3
1337,3,3
1338,8,8
1339,8,8
1340,3,2
1341,0,0
1342,7,9
1343,2,4
1344,4,4
1345,8,8
1346,1,1
1347,3,3
1348,6,6
1349,1,1
1350,9,9
1351,2,2
1352,1,1
1353,6,6
1354,2,2
1355,7,7
1356,9,9
1357,2,4
1358,6,6
1359,0,0
1360,4,4
1361,4,4
1362,2,2
1363,4,4
1364,5,5
1365,0,0
1366,2,2
1367,8,8
1368,3,3
1369,7,7
1370,6,6
1371,4,4
1372,0,0
1373,0,0
1374,5,5
1375,4,2
1376,8,8
1377,4,2
1378,2,4
1379,3,3
1380,0,0
1381,2,2
1382,1,1
1383,7,7
1384,7,7
1385,5,5
1386,4,4
1387,7,7
1388,2,2
1389,2,4
1390,7,7
1391,1,3
1392,3,3
1393,1,1
1394,3,3
1395,3,3
1396,6,6
1397,0,6
1398,1,1
1399,7,7
1400,6,0
1401,4,4
1402,7,7
1403,1,1
1404,0,0
1405,6,6
1406,5,5
1407,8,8
1408,4,4
1409,6,4
1410,7,7
1411,9,9
1412,5,5
1413,0,0
1414,7,7
1415,9,9
1416,5,5
1417,1,1
1418,2,2
1419,9,9
1420,5,5
1421,5,5
1422,3,3
1423,9,9
1424,9,9
1425,1,1
1426,6,2
1427,7,7
1428,8,8
1429,0,0
1430,1,1
1431,7,7
1432,2,2
1433,7,7
1434,1,1
1435,1,1
1436,5,5
1437,5,5
1438,6,6
1439,4,4
1440,5,5
1441,9,9
1442,5,5
1443,5,5
1444,2,2
1445,3,3
1446,9,9
1447,3,3
1448,8,8
1449,5,5
1450,4,2
1451,6,0
1452,0,0
1453,0,0
1454,5,5
1455,7,7
1456,3,8
1457,5,5
1458,2,2
1459,0,6
1460,4,4
1461,4,4
1462,7,7
1463,8,4
1464,0,0
1465,5,5
1466,1,1
1467,7,7
1468,2,2
1469,3,3
1470,2,6
1471,8,8
1472,7,9
1473,8,8
1474,7,7
1475,1,1
1476,2,2
1477,3,3
1478,2,2
1479,9,9
1480,7,7
1481,5,5
1482,6,6
1483,1,1
1484,4,0
1485,7,7
1486,1,1
1487,2,2
1488,2,6
1489,9,9
1490,3,3
1491,6,6
1492,4,4
1493,4,4
1494,3,3
1495,0,0
1496,6,0
1497,2,6
1498,3,3
1499,6,6
1500,1,1
1501,3,3
1502,7,5
1503,2,6
1504,5,5
1505,1,0
1506,9,9
1507,1,1
1508,1,1
1509,8,8
1510,6,2
1511,9,9
1512,5,5
1513,0,0
1514,7,5
1515,4,4
1516,6,6
1517,7,7
1518,1,1
1519,1,1
1520,5,5
1521,3,3
1522,8,8
1523,7,9
1524,8,8
1525,3,3
1526,8,8
1527,9,9
1528,6,2
1529,6,6
1530,1,1
1531,1,1
1532,3,3
1533,5,5
1534,6,2
1535,7,7
1536,1,1
1537,9,9
1538,9,9
1539,2,2
1540,4,2
1541,7,7
1542,0,0
1543,1,1
1544,3,3
1545,9,9
1546,6,6
1547,3,3
1548,7,7
1549,2,2
1550,8,8
1551,1,1
1552,8,8
1553,0,0
1554,7,7
1555,9,9
1556,8,8
1557,5,5
1558,8,8
1559,2,2
1560,0,6
1561,4,4
1562,6,0
1563,6,6
1564,5,5
1565,8,8
1566,3,3
1567,8,8
1568,7,7
1569,5,5
1570,7,7
1571,3,3
1572,7,7
1573,6,0
1574,7,7
1575,0,0
1576,2,2
1577,2,2
1578,5,5
1579,3,3
1580,5,5
1581,1,1
1582,1,1
1583,7,7
1584,7,7
1585,6,6
1586,3,3
1587,6,0
1588,4,4
1589,2,2
1590,8,8
1591,6,6
1592,3,3
1593,1,1
1594,4,4
1595,9,9
1596,9,9
1597,2,4
1598,5,5
1599,2,2
1600,2,2
1601,7,7
1602,8,8
1603,0,0
1604,7,7
1605,9,9
1606,1,1
1607,2,2
1608,9,9
1609,4,4
1610,9,7
1611,3,3
1612,4,4
1613,3,3
1614,3,3
1615,1,1
1616,8,8
1617,8,8
1618,7,5
1619,3,3
1620,8,8
1621,0,6
1622,3,3
1623,4,4
1624,3,3
1625,6,2
1626,0,0
1627,2,2
1628,7,7
1629,3,3
1630,6,6
1631,8,8
1632,3,3
1633,7,9
1634,7,7
1635,3,3
1636,1,1
1637,7,7
1638,5,5
1639,8,8
1640,8,8
1641,2,2
1642,0,0
1643,6,6
1644,8,6
1645,4,4
1646,2,6
1647,5,5
1648,7,7
1649,0,0
1650,6,6
1651,6,6
1652,7,7
1653,7,7
1654,3,3
1655,9,9
1656,2,2
1657,5,5
1658,9,9
1659,7,7
1660,3,1
1661,7,7
1662,2,2
1663,2,4
1664,5,5
1665,1,1
1666,4,3
1667,5,5
1668,4,4
1669,5,5
1670,0,0
1671,4,4
1672,4,4
1673,1,1
1674,4,4
1675,4,4
1676,5,8
1677,4,4
1678,5,5
1679,9,9
1680,4,4
1681,1,1
1682,1,1
1683,7,7
1684,2,2
1685,3,3
1686,5,5
1687,0,0
1688,3,3
1689,9,9
1690,7,7
1691,5,5
1692,3,3
1693,8,8
1694,8,8
1695,8,8
1696,9,9
1697,1,1
1698,1,1
1699,6,6
1700,3,3
1701,1,1
1702,4,6
1703,3,3
1704,4,4
1705,9,9
1706,9,9
1707,6,6
1708,0,0
1709,6,6
1710,9,9
1711,4,4
1712,9,9
1713,6,6
1714,6,6
1715,3,1
1716,8,8
1717,9,9
1718,2,2
1719,7,9
1720,4,4
1721,8,8
1722,0,0
1723,7,7
1724,2,2
1725,3,3
1726,6,6
1727,2,2
1728,5,5
1729,6,6
1730,1,1
1731,9,9
1732,0,0
1733,4,2
1734,2,2
1735,9,9
1736,9,9
1737,0,0
1738,8,8
1739,3,3
1740,6,6
1741,6,6
1742,6,6
1743,0,0
1744,4,2
1745,2,6
1746,6,6
1747,6,6
1748,5,5
1749,0,0
1750,2,2
1751,7,7
1752,8,8
1753,7,7
1754,4,4
1755,6,6
1756,6,6
1757,6,6
1758,5,5
1759,2,2
1760,4,4
1761,2,2
1762,9,9
1763,5,5
1764,2,2
1765,6,6
1766,7,7
1767,0,0
1768,1,1
1769,9,9
1770,5,5
1771,5,5
1772,0,6
1773,7,7
1774,7,7
1775,5,5
1776,0,0
1777,5,5
1778,0,0
1779,8,8
1780,4,4
1781,7,7
1782,9,9
1783,8,8
1784,2,2
1785,4,4
1786,7,7
1787,3,3
1788,3,3
1789,7,7
1790,7,7
1791,7,7
1792,8,8
1793,2,4
1794,9,9
1795,5,5
1796,7,7
1797,6,6
1798,5,5
1799,7,7
1800,5,5
1801,1,1
1802,3,3
1803,0,0
1804,2,4
1805,9,9
1806,9,9
1807,8,8
1808,3,3
1809,7,7
1810,3,0
1811,4,3
1812,2,4
1813,9,9
1814,3,3
1815,3,4
1816,1,1
1817,7,7
1818,9,9
1819,1,1
1820,5,5
1821,7,7
1822,2,2
1823,7,7
1824,6,6
1825,5,5
1826,7,5
1827,3,3
1828,7,7
1829,5,5
1830,5,5
1831,4,4
1832,0,0
1833,7,7
1834,1,3
1835,3,3
1836,2,2
1837,6,0
1838,2,2
1839,9,9
1840,9,9
1841,0,0
1842,3,3
1843,0,0
1844,8,8
1845,3,3
1846,8,8
1847,8,8
1848,4,4
1849,4,4
1850,1,1
1851,8,8
1852,2,2
1853,8,3
1854,5,5
1855,0,0
1856,2,4
1857,2,4
1858,3,3
1859,0,0
1860,0,0
1861,1,1
1862,6,0
1863,8,8
1864,4,4
1865,9,9
1866,0,0
1867,7,7
1868,6,0
1869,7,7
1870,7,7
1871,1,1
1872,5,5
1873,8,8
1874,7,7
1875,2,2
1876,9,9
1877,9,9
1878,1,1
1879,2,2
1880,4,4
1881,1,1
1882,1,1
1883,1,1
1884,8,8
1885,8,8
1886,1,1
1887,3,3
1888,7,7
1889,5,5
1890,2,2
1891,0,0
1892,8,8
1893,4,4
1894,8,8
1895,9,9
1896,6,4
1897,1,1
1898,3,3
1899,1,1
1900,9,9
1901,8,8
1902,1,1
1903,1,1
1904,1,1
1905,8,8
1906,6,0
1907,9,9
1908,9,9
1909,7,7
1910,6,6
1911,0,0
1912,4,4
1913,2,2
1914,1,1
1915,1,1
1916,7,7
1917,9,9
1918,2,4
1919,2,2
1920,1,0
1921,3,3
1922,6,6
1923,4,6
1924,8,8
1925,1,1
1926,7,7
1927,2,2
1928,4,4
1929,2,2
1930,2,2
1931,4,3
1932,8,8
1933,7,7
1934,1,1
1935,8,8
1936,5,5
1937,5,5
1938,7,7
1939,7,7
1940,6,6
1941,6,6
1942,2,2
1943,9,9
1944,0,6
1945,6,6
1946,3,0
1947,5,5
1948,5,5
1949,0,0
1950,2,2
1951,1,1
1952,0,0
1953,3,3
1954,7,5
1955,7,9
1956,3,1
1957,7,7
1958,4,2
1959,5,5
1960,7,7
1961,9,9
1962,8,8
1963,9,9
1964,1,1
1965,2,2
1966,8,8
1967,3,3
1968,2,2
1969,6,3
1970,6,6
1971,0,0
1972,8,8
1973,3,3
1974,8,8
1975,0,6
1976,4,8
1977,6,6
1978,0,0
1979,8,8
1980,8,8
1981,3,8
1982,2,2
1983,9,9
1984,3,3
1985,2,2
1986,0,0
1987,8,8
1988,5,5
1989,7,7
1990,0,0
1991,1,1
1992,1,1
1993,1,1
1994,9,9
1995,5,5
1996,1,1
1997,3,3
1998,3,3
1999,6,6
2000,0,0
2001,8,8
2002,4,2
2003,1,1
2004,3,3
2005,8,8
2006,8,8
2007,0,6
2008,7,7
2009,5,5
2010,0,6
2011,6,6
2012,7,7
2013,3,3
2014,3,3
2015,2,2
2016,4,4
2017,2,6
2018,5,5
2019,5,5
2020,4,4
2021,4,2
2022,0,3
2023,9,7
2024,1,1
2025,1,1
2026,7,7
2027,3,3
2028,8,8
2029,7,7
2030,2,2
2031,2,2
2032,9,9
2033,3,3
2034,9,9
2035,9,9
2036,0,0
2037,1,1
2038,7,5
2039,1,1
2040,4,2
2041,8,8
2042,1,1
2043,2,4
2044,9,9
2045,3,3
2046,4,4
2047,0,0
2048,0,0
2049,9,7
2050,6,6
2051,9,9
2052,9,9
2053,5,5
2054,7,5
2055,7,7
2056,0,0
2057,9,9
2058,3,3
2059,3,3
2060,6,6
2061,9,9
2062,8,8
2063,3,4
2064,2,2
2065,6,2
2066,1,3
2067,9,9
2068,4,4
2069,3,3
2070,2,6
2071,7,7
2072,4,3
2073,0,0
2074,3,4
2075,0,8
2076,1,1
2077,8,8
2078,7,7
2079,3,3
2080,4,4
2081,5,5
2082,2,2
2083,2,2
2084,9,9
2085,1,1
2086,9,9
2087,4,4
2088,9,9
2089,1,1
2090,6,6
2091,2,2
2092,8,8
2093,8,8
2094,7,7
2095,7,7
2096,7,7
2097,7,7
2098,2,2
2099,6,6
2100,0,0
2101,7,7
2102,5,5
2103,8,8
2104,5,5
2105,6,6
2106,0,0
2107,7,2
2108,4,4
2109,9,9
2110,2,2
2111,6,6
2112,1,1
2113,1,1
2114,9,9
2115,3,3
2116,1,1
2117,2,2
2118,2,2
2119,2,2
2120,3,3
2121,7,7
2122,5,5
2123,7,7
2124,4,4
2125,4,4
2126,4,4
2127,1,1
2128,2,2
2129,3,3
2130,5,5
2131,4,4
2132,2,2
2133,9,9
2134,1,1
2135,5,5
2136,9,9
2137,3,3
2138,6,6
2139,6,6
2140,4,4
2141,0,0
2142,1,1
2143,7,7
2144,7,7
2145,6,4
2146,6,6
2147,7,7
2148,7,7
2149,6,3
2150,0,0
2151,4,4
2152,3,3
2153,2,2
2154,7,7
2155,8,8
2156,7,7
2157,2,2
2158,8,8
2159,0,0
2160,8,8
2161,7,7
2162,4,4
2163,4,6
2164,2,2
2165,7,7
2166,0,0
2167,9,9
2168,9,9
2169,3,3
2170,1,1
2171,5,5
2172,9,9
2173,3,3
2174,1,1
2175,3,0
2176,3,3
2177,3,3
2178,5,5
2179,9,9
2180,7,7
2181,9,9
2182,8,8
2183,1,3
2184,5,5
2185,9,9
2186,3,3
2187,7,7
2188,9,9
2189,3,3
2190,6,4
2191,6,6
2192,0,6
2193,5,5
2194,7,7
2195,7,7
2196,2,6
2197,3,3
2198,5,5
2199,3,3
2200,1,1
2201,1,1
2202,9,9
2203,4,4
2204,3,3
2205,9,9
2206,5,5
2207,5,5
2208,7,7
2209,2,2
2210,4,4
2211,9,9
2212,0,0
2213,2,2
2214,1,1
2215,9,9
2216,7,7
2217,1,1
2218,5,5
2219,0,0
2220,5,5
2221,5,5
2222,0,0
2223,3,3
2224,5,5
2225,6,0
2226,3,3
2227,3,3
2228,7,7
2229,4,4
2230,2,2
2231,6,6
2232,8,8
2233,5,5
2234,9,9
2235,2,2
2236,1,1
2237,0,0
2238,5,5
2239,5,5
2240,8,8
2241,5,5
2242,3,3
2243,7,7
2244,4,4
2245,4,4
2246,6,3
2247,9,9
2248,0,6
2249,0,0
2250,0,0
2251,9,9
2252,1,1
2253,4,4
2254,3,3
2255,1,1
2256,5,5
2257,3,3
2258,8,8
2259,5,5
2260,1,1
2261,1,1
2262,2,2
2263,9,9
2264,4,4
2265,0,0
2266,5,5
2267,2,2
2268,8,8
2269,0,0
2270,2,2
2271,9,9
2272,8,8
2273,4,2
2274,4,4
2275,8,8
2276,3,3
2277,8,8
2278,0,0
2279,4,2
2280,0,0
2281,0,0
2282,4,4
2283,8,8
2284,5,5
2285,4,4
2286,9,9
2287,0,0
2288,9,9
2289,5,5
2290,8,8
2291,6,6
2292,9,9
2293,1,1
2294,4,2
2295,7,7
2296,2,2
2297,1,1
2298,6,6
2299,6,6
2300,0,0
2301,6,6
2302,5,5
2303,0,0
2304,4,4
2305,8,8
2306,5,5
2307,5,5
2308,2,2
2309,0,0
2310,3,3
2311,8,8
2312,3,6
2313,3,3
2314,1,1
2315,9,9
2316,2,2
2317,9,9
2318,7,7
2319,2,3
2320,6,6
2321,2,4
2322,8,8
2323,3,3
2324,4,4
2325,8,8
2326,5,5
2327,4,6
2328,8,8
2329,3,3
2330,3,3
2331,1,1
2332,4,4
2333,4,2
2334,0,0
2335,4,4
2336,9,9
2337,0,0
2338,4,2
2339,1,1
2340,9,9
2341,9,9
2342,8,8
2343,1,1
2344,8,8
2345,8,8
2346,3,3
2347,3,3
2348,3,3
2349,8,8
2350,5,5
2351,9,9
2352,2,6
2353,6,6
2354,8,8
2355,7,7
2356,0,0
2357,3,3
2358,0,0
2359,0,0
2360,2,0
2361,5,5
2362,7,7
2363,5,5
2364,0,0
2365,7,7
2366,9,9
2367,1,1
2368,1,6
2369,4,4
2370,8,8
2371,9,9
2372,3,3
2373,5,5
2374,2,6
2375,0,0
2376,4,4
2377,6,4
2378,7,7
2379,5,8
2380,9,9
2381,1,1
2382,5,8
2383,6,2
2384,5,5
2385,5,5
2386,3,3
2387,1,1
2388,1,1
2389,8,8
2390,8,8
2391,3,3
2392,0,0
2393,7,7
2394,0,0
2395,1,1
2396,8,8
2397,3,1
2398,0,6
2399,2,4
2400,9,9
2401,8,8
2402,9,9
2403,8,8
2404,8,8
2405,6,6
2406,9,9
2407,1,1
2408,8,8
2409,4,4
2410,2,2
2411,7,7
2412,7,7
2413,0,0
2414,5,5
2415,1,1
2416,1,1
2417,0,0
2418,0,6
2419,4,4
2420,3,3
2421,0,0
2422,2,4
2423,3,3
2424,7,5
2425,1,1
2426,2,6
2427,3,3
2428,3,3
2429,4,4
2430,4,4
2431,5,5
2432,0,6
2433,9,9
2434,8,8
2435,3,3
2436,3,3
2437,1,1
2438,0,0
2439,2,2
2440,1,1
2441,4,4
2442,4,4
2443,4,4
2444,8,8
2445,4,4
2446,9,9
2447,0,0
2448,9,9
2449,9,9
2450,5,5
2451,0,0
2452,6,6
2453,0,0
2454,5,5
2455,0,0
2456,3,3
2457,9,9
2458,7,8
2459,3,3
2460,6,6
2461,1,1
2462,9,9
2463,2,4
2464,1,1
2465,0,6
2466,4,4
2467,5,5
2468,4,4
2469,1,1
2470,2,6
2471,8,8
2472,5,5
2473,9,9
2474,4,4
2475,5,5
2476,3,3
2477,6,8
2478,8,8
2479,3,1
2480,0,0
2481,6,6
2482,8,8
2483,9,9
2484,0,0
2485,5,5
2486,6,6
2487,2,2
2488,6,4
2489,9,9
2490,3,3
2491,2,2
2492,2,6
2493,8,8
2494,5,5
2495,9,9
2496,2,2
2497,3,3
2498,1,1
2499,3,6
2500,3,3
2501,2,6
2502,2,2
2503,7,7
2504,4,2
2505,1,1
2506,2,2
2507,6,0
2508,4,3
2509,0,0
2510,2,4
2511,8,8
2512,5,5
2513,0,0
2514,8,8
2515,5,5
2516,2,2
2517,7,7
2518,8,8
2519,1,1
2520,5,5
2521,9,9
2522,8,8
2523,6,0
2524,9,9
2525,0,0
2526,9,9
2527,3,3
2528,7,9
2529,5,5
2530,9,7
2531,9,9
2532,6,6
2533,6,0
2534,7,7
2535,1,1
2536,5,5
2537,5,5
2538,9,9
2539,5,5
2540,4,4
2541,4,6
2542,2,2
2543,4,4
2544,5,5
2545,9,9
2546,7,7
2547,4,4
2548,2,2
2549,6,2
2550,9,9
2551,9,9
2552,4,6
2553,4,2
2554,1,1
2555,3,3
2556,7,7
2557,1,1
2558,8,8
2559,7,7
2560,7,9
2561,1,1
2562,8,8
2563,9,9
2564,3,3
2565,7,7
2566,7,7
2567,7,7
2568,1,1
2569,7,7
2570,4,4
2571,4,4
2572,6,0
2573,2,2
2574,3,4
2575,5,5
2576,2,2
2577,8,8
2578,9,9
2579,6,6
2580,8,8
2581,0,6
2582,0,0
2583,7,7
2584,7,7
2585,5,5
2586,0,0
2587,1,1
2588,9,9
2589,3,6
2590,0,0
2591,4,4
2592,9,9
2593,2,2
2594,6,2
2595,6,6
2596,9,7
2597,1,1
2598,0,0
2599,5,5
2600,8,0
2601,7,7
2602,2,2
2603,8,8
2604,6,6
2605,3,3
2606,6,6
2607,1,1
2608,7,7
2609,4,4
2610,8,8
2611,7,7
2612,4,4
2613,1,1
2614,7,7
2615,8,8
2616,2,2
2617,4,4
2618,4,4
2619,4,4
2620,4,4
2621,1,1
2622,8,8
2623,6,6
2624,7,7
2625,2,2
2626,9,9
2627,4,4
2628,5,5
2629,6,0
2630,3,6
2631,3,3
2632,8,8
2633,8,8
2634,2,2
2635,0,0
2636,7,7
2637,2,2
2638,4,4
2639,0,0
2640,4,3
2641,1,1
2642,3,0
2643,8,8
2644,1,1
2645,7,7
2646,7,7
2647,2,2
2648,6,6
2649,3,3
2650,1,1
2651,2,2
2652,7,7
2653,2,0
2654,2,0
2655,0,0
2656,6,6
2657,6,2
2658,7,7
2659,2,2
2660,6,8
2661,3,3
2662,2,6
2663,3,3
2664,0,0
2665,9,9
2666,7,7
2667,3,3
2668,5,5
2669,4,4
2670,9,9
2671,2,6
2672,2,4
2673,5,5
2674,0,0
2675,6,6
2676,8,8
2677,4,4
2678,0,0
2679,4,4
2680,4,4
2681,0,0
2682,4,4
2683,1,1
2684,6,6
2685,6,4
2686,2,3
2687,7,7
2688,1,1
2689,0,3
2690,6,6
2691,3,4
2692,1,1
2693,1,1
2694,5,5
2695,4,6
2696,6,3
2697,8,8
2698,3,3
2699,3,4
2700,1,1
2701,7,7
2702,4,4
2703,9,9
2704,8,8
2705,8,8
2706,4,4
2707,5,5
2708,5,5
2709,6,6
2710,7,7
2711,3,3
2712,9,9
2713,1,1
2714,0,0
2715,5,5
2716,3,3
2717,7,7
2718,2,0
2719,1,1
2720,1,1
2721,8,8
2722,2,3
2723,2,2
2724,0,0
2725,5,5
2726,9,9
2727,6,6
2728,3,3
2729,8,8
2730,1,1
2731,0,0
2732,4,4
2733,8,6
2734,6,2
2735,2,4
2736,8,8
2737,0,3
2738,4,4
2739,2,2
2740,1,1
2741,9,9
2742,1,1
2743,7,7
2744,9,9
2745,5,5
2746,7,7
2747,2,6
2748,1,1
2749,5,5
2750,8,8
2751,8,8
2752,2,2
2753,2,6
2754,4,4
2755,6,6
2756,3,3
2757,1,1
2758,2,6
2759,4,4
2760,0,0
2761,3,3
2762,9,9
2763,8,8
2764,4,4
2765,0,0
2766,8,8
2767,4,4
2768,3,3
2769,9,9
2770,7,7
2771,1,1
2772,1,1
2773,7,7
2774,5,5
2775,1,1
2776,9,9
2777,2,4
2778,4,4
2779,2,2
2780,4,4
2781,8,8
2782,6,6
2783,7,7
2784,1,1
2785,3,3
2786,0,0
2787,7,7
2788,3,3
2789,5,5
2790,8,8
2791,1,1
2792,4,4
2793,2,2
2794,3,3
2795,4,4
2796,8,8
2797,8,8
2798,8,8
2799,8,4
2800,8,8
2801,1,1
2802,8,8
2803,9,9
2804,3,3
2805,0,0
2806,6,6
2807,0,0
2808,2,2
2809,9,9
2810,7,7
2811,3,3
2812,7,7
2813,0,0
2814,1,1
2815,3,3
2816,5,5
2817,9,9
2818,0,3
2819,0,0
2820,5,5
2821,0,0
2822,5,5
2823,8,8
2824,7,7
2825,3,3
2826,6,6
2827,2,2
2828,8,8
2829,0,0
2830,0,0
2831,9,9
2832,3,3
2833,0,0
2834,5,5
2835,8,8
2836,1,1
2837,1,1
2838,2,2
2839,3,6
2840,0,6
2841,0,6
2842,8,8
2843,4,6
2844,2,6
2845,3,3
2846,3,3
2847,9,9
2848,5,5
2849,4,4
2850,3,3
2851,3,3
2852,1,1
2853,8,8
2854,1,1
2855,5,5
2856,2,2
2857,0,6
2858,0,0
2859,7,7
2860,9,9
2861,3,3
2862,2,2
2863,7,7
2864,1,1
2865,7,7
2866,4,6
2867,1,1
2868,6,6
2869,2,2
2870,4,6
2871,6,6
2872,7,7
2873,0,0
2874,4,4
2875,9,9
2876,3,3
2877,2,2
2878,5,5
2879,0,0
2880,8,8
2881,6,6
2882,2,2
2883,2,6
2884,5,7
2885,4,4
2886,2,2
2887,1,1
2888,1,1
2889,0,0
2890,3,3
2891,5,5
2892,5,5
2893,2,2
2894,6,6
2895,4,2
2896,1,1
2897,8,8
2898,5,0
2899,4,3
2900,4,4
2901,3,3
2902,4,4
2903,2,2
2904,9,9
2905,6,2
2906,4,8
2907,9,9
2908,6,6
2909,2,2
2910,6,0
2911,8,6
2912,4,4
2913,5,5
2914,4,4
2915,9,7
2916,8,8
2917,1,1
2918,6,6
2919,3,3
2920,6,4
2921,4,2
2922,9,9
2923,4,4
2924,3,3
2925,5,5
2926,1,1
2927,4,2
2928,6,6
2929,0,0
2930,1,1
2931,1,1
2932,0,0
2933,2,2
2934,6,6
2935,9,9
2936,7,9
2937,0,0
2938,1,1
2939,2,2
2940,6,4
2941,0,6
2942,7,7
2943,2,6
2944,1,1
2945,1,1
2946,7,7
2947,7,7
2948,8,8
2949,7,7
2950,6,6
2951,5,5
2952,3,1
2953,7,7
2954,0,0
2955,0,0
2956,9,9
2957,6,2
2958,1,1
2959,6,6
2960,2,2
2961,2,2
2962,5,5
2963,8,8
2964,5,5
2965,2,2
2966,9,7
2967,8,8
2968,2,4
2969,6,0
2970,9,9
2971,0,0
2972,8,8
2973,1,1
2974,0,3
2975,8,8
2976,2,2
2977,8,8
2978,2,2
2979,0,0
2980,2,6
2981,3,3
2982,8,8
2983,7,7
2984,8,8
2985,2,2
2986,2,6
2987,0,6
2988,6,6
2989,0,0
2990,4,4
2991,5,5
2992,3,3
2993,4,4
2994,1,1
2995,1,1
2996,9,9
2997,7,7
2998,3,0
2999,6,6
3000,2,2
3001,1,1
3002,4,4
3003,2,2
3004,7,7
3005,5,7
3006,1,1
3007,8,8
3008,3,3
3009,3,8
3010,7,7
3011,9,9
3012,8,8
3013,7,7
3014,2,2
3015,7,7
3016,7,9
3017,7,7
3018,2,2
3019,2,2
3020,6,3
3021,6,6
3022,3,3
3023,3,3
3024,9,9
3025,1,1
3026,1,1
3027,4,4
3028,8,8
3029,0,0
3030,9,9
3031,7,7
3032,5,5
3033,2,2
3034,8,8
3035,8,8
3036,3,3
3037,6,6
3038,3,3
3039,8,0
3040,8,8
3041,2,2
3042,6,2
3043,5,5
3044,9,9
3045,2,2
3046,3,6
3047,8,8
3048,0,3
3049,2,2
3050,8,8
3051,3,3
3052,0,3
3053,1,1
3054,1,1
3055,3,3
3056,0,0
3057,1,1
3058,8,8
3059,2,4
3060,1,1
3061,5,5
3062,8,8
3063,1,1
3064,5,5
3065,8,8
3066,0,0
3067,7,7
3068,8,8
3069,7,7
3070,5,5
3071,9,9
3072,9,5
3073,5,5
3074,3,3
3075,6,0
3076,7,7
3077,8,8
3078,2,4
3079,5,5
3080,1,1
3081,0,6
3082,2,4
3083,0,2
3084,4,4
3085,3,4
3086,7,7
3087,7,7
3088,7,9
3089,7,7
3090,2,2
3091,5,5
3092,8,8
3093,5,5
3094,8,8
3095,5,5
3096,3,3
3097,0,0
3098,9,9
3099,7,7
3100,2,2
3101,0,0
3102,6,6
3103,8,8
3104,4,4
3105,0,0
3106,7,7
3107,4,3
3108,7,7
3109,6,6
3110,7,8
3111,4,4
3112,7,7
3113,0,0
3114,3,0
3115,4,4
3116,0,0
3117,2,6
3118,7,7
3119,8,8
3120,1,1
3121,3,3
3122,8,8
3123,1,1
3124,5,7
3125,3,3
3126,6,6
3127,1,1
3128,1,1
3129,6,6
3130,6,6
3131,9,9
3132,8,8
3133,2,0
3134,8,8
3135,2,2
3136,7,7
3137,7,7
3138,1,1
3139,3,3
3140,0,0
3141,3,3
3142,0,0
3143,7,7
3144,8,8
3145,7,7
3146,6,6
3147,5,5
3148,2,2
3149,6,6
3150,7,7
3151,5,5
3152,5,5
3153,8,8
3154,9,9
3155,7,7
3156,3,3
3157,2,2
3158,4,4
3159,8,8
3160,3,3
3161,9,9
3162,5,5
3163,7,7
3164,6,6
3165,2,2
3166,2,6
3167,7,7
3168,3,3
3169,8,8
3170,5,5
3171,1,1
3172,8,8
3173,9,9
3174,2,2
3175,2,6
3176,1,1
3177,2,4
3178,2,2
3179,7,7
3180,4,4
3181,0,0
3182,4,4
3183,4,4
3184,8,8
3185,9,9
3186,7,7
3187,9,9
3188,2,2
3189,2,6
3190,8,8
3191,2,2
3192,6,6
3193,0,0
3194,6,6
3195,3,3
3196,4,4
3197,1,1
3198,5,5
3199,2,6
3200,7,7
3201,5,5
3202,3,0
3203,7,7
3204,6,6
3205,2,2
3206,3,0
3207,5,5
3208,1,1
3209,1,1
3210,0,3
3211,7,7
3212,3,3
3213,8,8
3214,8,8
3215,7,7
3216,7,5
3217,9,9
3218,9,9
3219,5,5
3220,5,5
3221,3,4
3222,0,0
3223,7,7
3224,1,1
3225,4,4
3226,6,6
3227,0,0
3228,9,9
3229,9,9
3230,6,4
3231,6,6
3232,8,8
3233,0,6
3234,5,5
3235,5,7
3236,8,8
3237,6,0
3238,2,2
3239,7,7
3240,0,6
3241,6,2
3242,4,4
3243,8,8
3244,1,1
3245,0,0
3246,4,4
3247,8,8
3248,0,0
3249,7,7
3250,5,5
3251,8,8
3252,7,7
3253,7,7
3254,7,5
3255,5,5
3256,3,2
3257,7,7
3258,6,6
3259,3,2
3260,2,2
3261,0,0
3262,3,3
3263,4,6
3264,2,2
3265,0,0
3266,2,3
3267,9,9
3268,4,4
3269,5,5
3270,2,4
3271,4,4
3272,1,1
3273,2,2
3274,5,5
3275,7,7
3276,0,0
3277,5,5
3278,2,0
3279,2,2
3280,5,5
3281,0,0
3282,3,4
3283,0,8
3284,0,0
3285,8,2
3286,7,7
3287,2,2
3288,7,7
3289,2,2
3290,3,3
3291,2,4
3292,7,7
3293,1,1
3294,2,2
3295,3,3
3296,4,4
3297,2,2
3298,4,2
3299,3,3
3300,9,9
3301,9,9
3302,2,2
3303,8,8
3304,0,0
3305,4,4
3306,0,0
3307,0,0
3308,1,1
3309,9,9
3310,3,3
3311,9,9
3312,0,0
3313,8,8
3314,6,3
3315,9,9
3316,4,4
3317,7,7
3318,9,9
3319,1,1
3320,5,5
3321,8,8
3322,1,1
3323,3,3
3324,0,6
3325,2,2
3326,4,4
3327,8,8
3328,3,6
3329,3,3
3330,3,3
3331,0,0
3332,0,0
3333,4,0
3334,3,3
3335,3,6
3336,1,1
3337,6,6
3338,8,8
3339,4,6
3340,7,7
3341,3,3
3342,0,0
3343,2,0
3344,5,5
3345,8,8
3346,8,8
3347,8,8
3348,6,6
3349,1,1
3350,0,0
3351,8,8
3352,7,7
3353,8,8
3354,5,5
3355,8,8
3356,7,7
3357,0,0
3358,7,7
3359,2,2
3360,7,7
3361,3,1
3362,5,5
3363,5,5
3364,8,8
3365,3,3
3366,3,2
3367,8,8
3368,5,5
3369,9,9
3370,9,9
3371,4,2
3372,0,0
3373,4,6
3374,7,7
3375,1,1
3376,8,8
3377,8,8
3378,8,8
3379,7,7
3380,2,2
3381,0,0
3382,9,9
3383,7,7
3384,9,9
3385,6,6
3386,9,9
3387,4,4
3388,1,1
3389,4,4
3390,7,7
3391,2,2
3392,5,5
3393,2,2
3394,6,6
3395,2,2
3396,9,9
3397,6,0
3398,7,7
3399,1,1
3400,9,9
3401,7,7
3402,2,6
3403,5,5
3404,3,3
3405,8,8
3406,4,4
3407,9,9
3408,3,3
3409,9,9
3410,5,5
3411,7,7
3412,5,5
3413,1,1
3414,3,3
3415,3,3
3416,4,6
3417,0,6
3418,7,7
3419,5,5
3420,3,3
3421,5,5
3422,5,5
3423,8,8
3424,7,7
3425,7,7
3426,4,4
3427,6,6
3428,5,5
3429,5,5
3430,1,6
3431,4,4
3432,8,8
3433,3,3
3434,0,0
3435,9,9
3436,2,2
3437,3,3
3438,2,2
3439,2,2
3440,7,7
3441,4,4
3442,6,0
3443,7,7
3444,1,1
3445,4,4
3446,8,8
3447,1,1
3448,4,4
3449,7,7
3450,8,8
3451,2,2
3452,6,0
3453,7,7
3454,2,2
3455,6,0
3456,2,2
3457,2,2
3458,4,2
3459,2,2
3460,3,3
3461,0,0
3462,5,5
3463,2,2
3464,3,3
3465,2,2
3466,8,8
3467,5,0
3468,0,0
3469,7,8
3470,4,4
3471,6,6
3472,4,4
3473,8,8
3474,1,3
3475,5,5
3476,1,1
3477,3,3
3478,9,9
3479,1,1
3480,2,4
3481,9,9
3482,3,6
3483,7,7
3484,4,4
3485,8,0
3486,0,0
3487,2,2
3488,9,5
3489,6,6
3490,3,2
3491,5,5
3492,2,6
3493,5,5
3494,1,1
3495,7,7
3496,9,9
3497,4,2
3498,6,6
3499,7,7
3500,3,3
3501,0,0
3502,2,2
3503,8,8
3504,1,1
3505,0,0
3506,9,9
3507,9,9
3508,9,7
3509,8,8
3510,2,4
3511,6,6
3512,9,9
3513,7,7
3514,7,7
3515,5,5
3516,8,8
3517,8,8
3518,7,7
3519,5,5
3520,3,3
3521,5,5
3522,5,5
3523,3,0
3524,8,8
3525,9,9
3526,7,7
3527,2,2
3528,1,1
3529,8,4
3530,7,7
3531,1,1
3532,3,0
3533,6,2
3534,3,3
3535,4,2
3536,2,2
3537,9,9
3538,4,4
3539,7,7
3540,7,7
3541,6,0
3542,5,5
3543,0,0
3544,8,8
3545,8,8
3546,2,6
3547,8,8
3548,5,5
3549,6,6
3550,0,0
3551,7,7
3552,3,3
3553,3,0
3554,0,2
3555,3,2
3556,5,5
3557,2,2
3558,0,0
3559,7,7
3560,7,7
3561,7,7
3562,1,1
3563,5,5
3564,2,2
3565,1,1
3566,8,8
3567,5,5
3568,2,2
3569,2,4
3570,8,8
3571,7,7
3572,7,7
3573,6,6
3574,7,7
3575,1,1
3576,6,0
3577,9,9
3578,5,5
3579,3,3
3580,9,9
3581,3,3
3582,5,5
3583,0,0
3584,7,7
3585,4,4
3586,2,2
3587,0,0
3588,1,1
3589,6,6
3590,5,5
3591,9,9
3592,3,3
3593,2,2
3594,8,8
3595,5,5
3596,7,7
3597,3,3
3598,1,1
3599,4,2
3600,0,0
3601,8,8
3602,1,1
3603,8,8
3604,5,5
3605,6,6
3606,9,9
3607,0,3
3608,3,3
3609,8,8
3610,6,0
3611,4,4
3612,2,2
3613,0,0
3614,6,6
3615,4,4
3616,2,2
3617,3,3
3618,4,4
3619,5,5
3620,9,9
3621,1,1
3622,1,1
3623,9,9
3624,4,4
3625,7,7
3626,0,6
3627,3,4
3628,1,1
3629,0,0
3630,0,0
3631,7,7
3632,7,7
3633,0,0
3634,7,7
3635,8,8
3636,0,0
3637,5,5
3638,6,6
3639,4,4
3640,3,4
3641,8,8
3642,9,9
3643,7,7
3644,2,4
3645,9,9
3646,5,5
3647,3,3
3648,7,7
3649,2,2
3650,4,4
3651,1,1
3652,9,9
3653,7,7
3654,8,8
3655,1,1
3656,3,3
3657,9,9
3658,3,3
3659,4,6
3660,7,7
3661,8,8
3662,6,6
3663,5,5
3664,8,6
3665,9,7
3666,9,9
3667,9,9
3668,7,7
3669,0,0
3670,4,6
3671,2,2
3672,3,3
3673,4,4
3674,0,2
3675,9,9
3676,5,5
3677,3,3
3678,9,9
3679,2,2
3680,8,8
3681,8,8
3682,6,6
3683,0,0
3684,4,4
3685,1,1
3686,9,9
3687,3,3
3688,3,3
3689,5,5
3690,1,1
3691,7,5
3692,5,5
3693,9,9
3694,2,2
3695,8,8
3696,5,5
3697,5,5
3698,9,9
3699,5,5
3700,4,4
3701,0,6
3702,7,7
3703,3,3
3704,5,5
3705,4,4
3706,2,2
3707,0,3
3708,9,9
3709,4,4
3710,8,8
3711,1,1
3712,9,9
3713,2,2
3714,6,6
3715,6,2
3716,4,4
3717,8,8
3718,8,8
3719,7,7
3720,7,7
3721,4,3
3722,9,9
3723,3,3
3724,9,9
3725,6,6
3726,8,8
3727,2,2
3728,6,6
3729,9,9
3730,0,0
3731,3,4
3732,2,4
3733,9,5
3734,7,7
3735,0,0
3736,4,4
3737,6,6
3738,4,4
3739,1,1
3740,1,3
3741,1,1
3742,8,6
3743,7,7
3744,8,8
3745,8,8
3746,9,9
3747,7,7
3748,6,0
3749,5,5
3750,7,7
3751,3,3
3752,6,6
3753,0,0
3754,4,4
3755,6,0
3756,3,3
3757,6,6
3758,8,8
3759,8,8
3760,8,8
3761,0,0
3762,2,2
3763,3,3
3764,2,2
3765,8,8
3766,8,8
3767,1,1
3768,2,4
3769,1,1
3770,1,1
3771,6,6
3772,3,3
3773,2,2
3774,2,2
3775,8,8
3776,0,0
3777,0,0
3778,4,4
3779,1,1
3780,3,3
3781,2,2
3782,7,7
3783,0,0
3784,6,6
3785,7,7
3786,9,9
3787,9,9
3788,6,6
3789,7,7
3790,3,0
3791,9,9
3792,9,9
3793,8,8
3794,4,4
3795,0,8
3796,3,3
3797,4,4
3798,0,0
3799,9,9
3800,4,6
3801,2,6
3802,4,4
3803,3,3
3804,8,8
3805,3,4
3806,0,3
3807,6,6
3808,9,9
3809,6,6
3810,4,4
3811,7,7
3812,3,4
3813,7,7
3814,8,8
3815,8,8
3816,2,2
3817,4,2
3818,8,8
3819,8,8
3820,0,0
3821,1,1
3822,5,5
3823,8,8
3824,9,9
3825,8,8
3826,7,7
3827,1,1
3828,0,0
3829,3,3
3830,1,6
3831,3,6
3832,0,0
3833,9,9
3834,3,3
3835,9,9
3836,9,9
3837,1,1
3838,5,5
3839,9,9
3840,4,4
3841,1,1
3842,7,7
3843,0,0
3844,1,1
3845,0,0
3846,5,5
3847,3,3
3848,8,8
3849,8,8
3850,4,4
3851,1,1
3852,7,7
3853,0,0
3854,5,5
3855,0,0
3856,4,4
3857,1,1
3858,7,7
3859,1,1
3860,7,7
3861,9,9
3862,4,6
3863,3,3
3864,9,9
3865,2,6
3866,2,2
3867,9,5
3868,3,3
3869,5,5
3870,8,8
3871,8,8
3872,4,2
3873,4,4
3874,7,7
3875,7,7
3876,4,4
3877,2,6
3878,0,0
3879,5,5
3880,5,5
3881,3,2
3882,8,6
3883,2,2
3884,5,5
3885,6,6
3886,8,8
3887,5,5
3888,6,6
3889,9,9
3890,1,1
3891,3,3
3892,1,1
3893,4,4
3894,5,5
3895,9,9
3896,3,0
3897,9,9
3898,0,0
3899,3,3
3900,5,5
3901,6,6
3902,1,1
3903,5,5
3904,8,8
3905,5,5
3906,6,6
3907,6,6
3908,9,9
3909,1,1
3910,9,9
3911,1,1
3912,7,7
3913,1,1
3914,8,8
3915,0,0
3916,3,3
3917,4,4
3918,6,0
3919,2,2
3920,0,0
3921,3,3
3922,3,3
3923,8,8
3924,8,8
3925,0,0
3926,3,3
3927,6,6
3928,8,8
3929,1,1
3930,1,1
3931,3,3
3932,3,3
3933,2,2
3934,2,2
3935,1,1
3936,8,8
3937,3,3
3938,4,2
3939,6,0
3940,2,2
3941,4,3
3942,2,2
3943,3,3
3944,9,9
3945,2,2
3946,3,3
3947,0,0
3948,4,4
3949,5,5
3950,7,7
3951,1,1
3952,6,6
3953,1,1
3954,2,0
3955,6,0
3956,3,3
3957,8,8
3958,5,5
3959,1,1
3960,2,6
3961,5,5
3962,2,4
3963,8,8
3964,1,1
3965,7,7
3966,1,1
3967,6,6
3968,4,4
3969,9,9
3970,4,4
3971,6,2
3972,1,1
3973,5,5
3974,3,3
3975,3,1
3976,5,5
3977,8,8
3978,7,7
3979,7,7
3980,7,7
3981,2,2
3982,7,7
3983,5,5
3984,4,4
3985,4,4
3986,2,2
3987,0,0
3988,4,6
3989,8,8
3990,9,9
3991,9,9
3992,5,5
3993,8,8
3994,0,0
3995,4,4
3996,4,4
3997,1,1
3998,3,3
3999,7,7
4000,9,9
4001,0,0
4002,0,0
4003,9,9
4004,8,8
4005,5,5
4006,3,3
4007,0,0
4008,7,7
4009,1,1
4010,9,9
4011,5,7
4012,8,8
4013,2,4
4014,0,0
4015,9,9
4016,9,9
4017,1,1
4018,2,2
4019,0,0
4020,0,6
4021,2,2
4022,4,2
4023,5,5
4024,1,1
4025,0,0
4026,2,4
4027,8,8
4028,3,3
4029,4,4
4030,8,8
4031,3,3
4032,4,4
4033,0,0
4034,0,0
4035,3,3
4036,6,6
4037,7,7
4038,4,2
4039,4,4
4040,1,1
4041,7,5
4042,3,2
4043,0,0
4044,7,7
4045,9,9
4046,9,9
4047,1,1
4048,5,5
4049,5,5
4050,9,9
4051,1,1
4052,4,4
4053,6,6
4054,1,1
4055,2,2
4056,8,8
4057,4,3
4058,5,5
4059,5,7
4060,8,8
4061,0,0
4062,4,4
4063,2,2
4064,7,7
4065,2,2
4066,7,7
4067,5,5
4068,6,0
4069,8,8
4070,7,7
4071,8,8
4072,2,8
4073,4,4
4074,9,9
4075,2,2
4076,5,5
4077,5,5
4078,9,9
4079,9,9
4080,4,6
4081,4,4
4082,2,2
4083,6,6
4084,6,6
4085,6,3
4086,8,8
4087,7,7
4088,6,6
4089,6,6
4090,7,7
4091,5,5
4092,2,2
4093,9,9
4094,0,0
4095,3,3
4096,4,4
4097,4,4
4098,8,8
4099,4,4
4100,0,0
4101,4,2
4102,9,7
4103,0,0
4104,5,5
4105,3,2
4106,6,6
4107,4,6
4108,8,8
4109,0,0
4110,0,6
4111,2,2
4112,0,0
4113,2,2
4114,5,5
4115,5,5
4116,8,8
4117,0,0
4118,7,7
4119,0,0
4120,8,8
4121,9,9
4122,0,0
4123,2,2
4124,1,1
4125,4,2
4126,5,5
4127,1,1
4128,0,6
4129,2,2
4130,9,9
4131,6,6
4132,4,4
4133,9,9
4134,9,9
4135,1,1
4136,4,4
4137,3,3
4138,1,1
4139,6,2
4140,8,8
4141,6,6
4142,3,3
4143,3,6
4144,2,0
4145,2,2
4146,3,0
4147,2,2
4148,3,3
4149,4,3
4150,5,5
4151,2,2
4152,3,3
4153,4,6
4154,0,6
4155,8,8
4156,5,5
4157,4,4
4158,0,0
4159,1,1
4160,0,2
4161,2,2
4162,2,2
4163,6,6
4164,7,7
4165,9,9
4166,6,6
4167,2,4
4168,3,3
4169,3,3
4170,6,6
4171,8,8
4172,5,5
4173,4,4
4174,4,4
4175,0,0
4176,3,3
4177,3,3
4178,5,5
4179,2,2
4180,5,5
4181,1,1
4182,5,5
4183,5,5
4184,1,1
4185,7,7
4186,5,5
4187,2,2
4188,1,1
4189,8,8
4190,8,8
4191,0,0
4192,9,9
4193,0,6
4194,0,0
4195,0,6
4196,3,3
4197,6,2
4198,1,1
4199,8,8
4200,3,3
4201,4,4
4202,2,2
4203,1,1
4204,2,2
4205,0,0
4206,3,3
4207,0,0
4208,8,8
4209,5,5
4210,1,1
4211,5,5
4212,0,0
4213,2,2
4214,6,0
4215,3,3
4216,9,9
4217,8,8
4218,3,2
4219,4,8
4220,1,1
4221,0,0
4222,2,2
4223,6,6
4224,2,2
4225,6,0
4226,3,3
4227,7,7
4228,5,5
4229,0,0
4230,6,6
4231,2,2
4232,0,6
4233,8,8
4234,2,4
4235,2,2
4236,1,1
4237,8,8
4238,6,6
4239,8,8
4240,2,2
4241,9,9
4242,2,2
4243,6,6
4244,8,8
4245,5,5
4246,2,2
4247,7,7
4248,3,3
4249,2,2
4250,2,2
4251,6,6
4252,6,4
4253,6,6
4254,8,8
4255,5,5
4256,2,2
4257,1,1
4258,7,5
4259,2,2
4260,8,8
4261,2,2
4262,9,9
4263,0,0
4264,6,6
4265,3,3
4266,6,6
4267,4,4
4268,2,6
4269,7,7
4270,7,7
4271,9,9
4272,6,6
4273,2,4
4274,9,9
4275,8,8
4276,0,0
4277,5,5
4278,8,8
4279,7,7
4280,7,7
4281,0,6
4282,7,7
4283,7,7
4284,0,0
4285,7,7
4286,7,7
4287,4,2
4288,8,9
4289,7,7
4290,4,4
4291,2,2
4292,2,2
4293,3,3
4294,8,8
4295,0,0
4296,1,1
4297,9,9
4298,8,8
4299,0,0
4300,1,6
4301,4,2
4302,8,8
4303,3,3
4304,8,8
4305,0,0
4306,7,7
4307,6,6
4308,3,4
4309,3,3
4310,8,8
4311,1,1
4312,3,3
4313,8,8
4314,7,7
4315,3,3
4316,0,0
4317,3,3
4318,4,4
4319,8,8
4320,8,8
4321,9,9
4322,1,1
4323,3,3
4324,2,2
4325,1,1
4326,4,4
4327,8,8
4328,0,0
4329,4,4
4330,4,6
4331,7,7
4332,3,3
4333,9,9
4334,4,4
4335,9,9
4336,0,0
4337,4,4
4338,6,6
4339,5,5
4340,7,7
4341,0,0
4342,8,8
4343,1,1
4344,7,7
4345,5,5
4346,4,4
4347,9,9
4348,5,5
4349,7,7
4350,3,3
4351,2,2
4352,0,0
4353,9,9
4354,8,8
4355,7,7
4356,3,3
4357,7,7
4358,7,7
4359,4,4
4360,7,7
4361,5,5
4362,8,8
4363,8,5
4364,4,2
4365,4,4
4366,6,6
4367,2,2
4368,3,3
4369,8,8
4370,9,9
4371,7,7
4372,1,1
4373,3,3
4374,4,4
4375,2,2
4376,9,9
4377,7,7
4378,1,1
4379,2,2
4380,2,2
4381,6,6
4382,6,0
4383,5,5
4384,5,5
4385,4,4
4386,5,5
4387,2,2
4388,8,8
4389,9,9
4390,2,4
4391,9,9
4392,9,9
4393,1,1
4394,4,4
4395,8,3
4396,1,1
4397,5,5
4398,5,5
4399,5,5
4400,4,6
4401,8,8
4402,1,1
4403,5,5
4404,5,5
4405,7,9
4406,7,5
4407,9,9
4408,8,8
4409,3,3
4410,1,1
4411,1,1
4412,4,4
4413,6,6
4414,6,6
4415,9,9
4416,3,3
4417,2,6
4418,6,4
4419,4,4
4420,8,8
4421,2,6
4422,5,5
4423,4,4
4424,9,9
4425,0,0
4426,2,2
4427,8,8
4428,4,4
4429,8,8
4430,6,6
4431,3,3
4432,6,6
4433,1,1
4434,4,4
4435,3,3
4436,3,3
4437,8,8
4438,4,4
4439,9,9
4440,9,9
4441,0,0
4442,7,7
4443,9,9
4444,5,5
4445,3,3
4446,1,1
4447,7,7
4448,2,2
4449,8,8
4450,4,4
4451,9,9
4452,0,6
4453,1,1
4454,6,6
4455,0,0
4456,5,5
4457,8,8
4458,1,1
4459,9,9
4460,3,3
4461,6,0
4462,8,8
4463,3,3
4464,8,8
4465,4,4
4466,2,2
4467,5,5
4468,6,6
4469,9,9
4470,0,0
4471,1,1
4472,4,4
4473,0,0
4474,7,7
4475,9,9
4476,0,0
4477,1,1
4478,3,3
4479,9,9
4480,5,5
4481,1,1
4482,4,4
4483,1,1
4484,1,1
4485,4,4
4486,8,8
4487,0,3
4488,9,9
4489,5,5
4490,4,4
4491,4,4
4492,3,3
4493,7,7
4494,7,7
4495,7,7
4496,0,2
4497,3,3
4498,9,9
4499,1,1
4500,9,9
4501,4,4
4502,4,4
4503,0,0
4504,7,7
4505,6,6
4506,6,6
4507,7,7
4508,7,9
4509,6,0
4510,0,6
4511,4,4
4512,9,9
4513,0,0
4514,4,4
4515,0,0
4516,2,2
4517,7,7
4518,9,9
4519,6,6
4520,1,1
4521,1,1
4522,2,2
4523,0,0
4524,8,8
4525,8,8
4526,7,7
4527,2,4
4528,2,2
4529,7,7
4530,5,5
4531,7,7
4532,6,6
4533,1,1
4534,8,8
4535,1,1
4536,4,4
4537,9,9
4538,8,8
4539,9,9
4540,0,0
4541,1,1
4542,0,0
4543,6,6
4544,0,0
4545,3,3
4546,0,0
4547,6,6
4548,4,4
4549,1,1
4550,9,9
4551,7,7
4552,1,1
4553,2,2
4554,2,2
4555,5,5
4556,3,3
4557,4,4
4558,1,1
4559,7,7
4560,4,4
4561,7,7
4562,0,0
4563,2,2
4564,8,8
4565,8,8
4566,1,1
4567,4,4
4568,9,9
4569,9,9
4570,3,6
4571,3,3
4572,4,4
4573,9,9
4574,3,3
4575,9,9
4576,8,8
4577,5,5
4578,3,3
4579,8,8
4580,4,4
4581,7,7
4582,1,1
4583,4,4
4584,1,1
4585,9,9
4586,4,6
4587,8,8
4588,3,3
4589,2,2
4590,4,4
4591,8,8
4592,1,1
4593,1,1
4594,5,5
4595,8,8
4596,0,6
4597,1,1
4598,6,6
4599,2,2
4600,9,5
4601,0,0
4602,9,9
4603,5,5
4604,3,3
4605,5,5
4606,6,0
4607,6,6
4608,5,5
4609,6,4
4610,8,8
4611,3,3
4612,8,8
4613,0,0
4614,2,2
4615,9,9
4616,9,9
4617,1,1
4618,5,5
4619,3,3
4620,2,2
4621,6,6
4622,5,5
4623,3,3
4624,6,0
4625,3,3
4626,0,0
4627,7,7
4628,4,4
4629,0,0
4630,4,2
4631,1,1
4632,9,9
4633,5,5
4634,1,1
4635,7,7
4636,5,5
4637,5,5
4638,5,5
4639,9,9
4640,4,4
4641,8,8
4642,2,4
4643,6,6
4644,6,6
4645,4,4
4646,4,6
4647,2,4
4648,1,1
4649,1,1
4650,4,2
4651,2,2
4652,8,8
4653,2,4
4654,9,9
4655,0,0
4656,5,5
4657,8,8
4658,1,1
4659,3,0
4660,8,8
4661,3,3
4662,2,2
4663,4,4
4664,8,8
4665,6,3
4666,0,0
4667,9,9
4668,3,3
4669,2,4
4670,9,9
4671,7,7
4672,2,2
4673,9,6
4674,2,2
4675,6,2
4676,8,8
4677,9,9
4678,6,6
4679,2,1
4680,4,4
4681,7,7
4682,7,7
4683,9,9
4684,7,7
4685,3,3
4686,6,2
4687,9,9
4688,2,2
4689,7,7
4690,3,3
4691,0,0
4692,2,2
4693,0,6
4694,9,7
4695,4,2
4696,3,3
4697,3,3
4698,1,1
4699,9,9
4700,5,5
4701,8,8
4702,2,2
4703,3,3
4704,5,5
4705,0,0
4706,0,0
4707,4,4
4708,5,5
4709,6,8
4710,3,3
4711,5,5
4712,3,0
4713,7,7
4714,7,7
4715,6,6
4716,0,0
4717,9,9
4718,5,5
4719,1,1
4720,4,4
4721,4,4
4722,5,5
4723,3,3
4724,0,0
4725,0,6
4726,1,1
4727,4,4
4728,0,6
4729,5,5
4730,4,4
4731,8,8
4732,5,5
4733,7,7
4734,0,3
4735,0,0
4736,8,8
4737,3,3
4738,5,5
4739,4,2
4740,4,4
4741,9,9
4742,8,8
4743,5,5
4744,9,9
4745,2,8
4746,1,1
4747,9,9
4748,5,5
4749,0,0
4750,1,1
4751,5,5
4752,4,3
4753,3,3
4754,3,3
4755,3,3
4756,4,4
4757,2,4
4758,3,3
4759,1,6
4760,7,7
4761,8,8
4762,0,0
4763,9,9
4764,6,6
4765,3,3
4766,0,0
4767,4,4
4768,2,2
4769,7,7
4770,3,3
4771,5,5
4772,7,7
4773,3,3
4774,7,7
4775,8,8
4776,4,4
4777,6,6
4778,2,2
4779,2,2
4780,3,3
4781,1,1
4782,0,0
4783,7,7
4784,5,5
4785,0,6
4786,6,6
4787,4,4
4788,1,1
4789,1,1
4790,4,4
4791,7,7
4792,2,2
4793,3,3
4794,5,5
4795,5,5
4796,0,0
4797,2,4
4798,4,4
4799,4,4
4800,8,8
4801,9,9
4802,9,9
4803,2,2
4804,0,6
4805,9,9
4806,8,8
4807,3,3
4808,7,5
4809,3,3
4810,1,1
4811,2,4
4812,5,5
4813,0,0
4814,1,1
4815,8,8
4816,5,5
4817,8,8
4818,4,6
4819,0,0
4820,7,7
4821,8,8
4822,9,9
4823,2,2
4824,4,2
4825,6,6
4826,3,3
4827,2,2
4828,2,2
4829,2,2
4830,7,8
4831,9,9
4832,1,1
4833,9,9
4834,7,7
4835,4,4
4836,5,5
4837,6,6
4838,3,3
4839,2,2
4840,2,4
4841,5,5
4842,6,6
4843,0,6
4844,5,5
4845,8,8
4846,6,6
4847,4,2
4848,2,2
4849,9,9
4850,4,4
4851,7,9
4852,8,8
4853,3,3
4854,0,0
4855,2,2
4856,7,7
4857,7,7
4858,5,5
4859,9,9
4860,5,7
4861,7,7
4862,3,3
4863,8,8
4864,7,7
4865,5,5
4866,9,9
4867,9,9
4868,8,8
4869,2,2
4870,1,1
4871,0,0
4872,8,8
4873,0,0
4874,2,2
4875,0,6
4876,7,7
4877,9,9
4878,2,2
4879,2,2
4880,5,5
4881,2,4
4882,3,3
4883,2,2
4884,1,1
4885,1,1
4886,9,9
4887,3,6
4888,5,5
4889,5,5
4890,4,4
4891,9,9
4892,8,8
4893,9,9
4894,1,6
4895,5,5
4896,4,4
4897,6,6
4898,6,0
4899,5,5
4900,7,7
4901,8,8
4902,4,4
4903,8,8
4904,8,8
4905,7,7
4906,4,4
4907,9,9
4908,3,4
4909,9,9
4910,6,6
4911,9,9
4912,7,7
4913,3,3
4914,9,9
4915,9,9
4916,3,3
4917,0,6
4918,0,0
4919,2,2
4920,8,8
4921,7,7
4922,9,9
4923,3,4
4924,0,0
4925,6,0
4926,4,4
4927,1,1
4928,0,0
4929,3,3
4930,8,8
4931,4,4
4932,8,8
4933,4,4
4934,4,4
4935,2,3
4936,3,3
4937,9,5
4938,7,7
4939,7,7
4940,8,8
4941,5,5
4942,2,6
4943,3,3
4944,2,2
4945,1,1
4946,8,8
4947,3,3
4948,8,8
4949,7,5
4950,4,4
4951,2,2
4952,3,3
4953,0,0
4954,8,8
4955,3,3
4956,3,3
4957,4,2
4958,9,9
4959,0,0
4960,9,9
4961,9,9
4962,0,0
4963,1,1
4964,8,8
4965,3,3
4966,6,0
4967,3,3
4968,8,8
4969,6,6
4970,8,8
4971,5,5
4972,1,1
4973,3,3
4974,0,0
4975,1,1
4976,9,9
4977,3,3
4978,5,5
4979,0,0
4980,6,6
4981,2,2
4982,3,3
4983,1,1
4984,5,5
4985,3,3
4986,6,2
4987,8,8
4988,5,5
4989,7,7
4990,8,8
4991,0,0
4992,1,1
4993,1,1
4994,0,0
4995,6,6
4996,4,4
4997,5,5
4998,9,9
4999,0,0
5000,7,7
5001,2,2
5002,3,3
5003,8,6
5004,4,4
5005,4,6
5006,3,3
5007,3,6
5008,9,9
5009,4,4
5010,7,9
5011,0,0
5012,8,8
5013,3,3
5014,9,5
5015,1,6
5016,4,2
5017,0,0
5018,1,1
5019,3,3
5020,9,9
5021,4,4
5022,2,2
5023,5,5
5024,0,0
5025,5,5
5026,1,3
5027,4,2
5028,5,5
5029,6,0
5030,0,0
5031,6,0
5032,0,0
5033,6,0
5034,9,9
5035,1,1
5036,3,3
5037,3,4
5038,3,3
5039,5,5
5040,5,5
5041,4,6
5042,6,6
5043,1,1
5044,4,4
5045,9,9
5046,7,7
5047,2,4
5048,4,4
5049,7,7
5050,5,5
5051,7,7
5052,1,1
5053,4,6
5054,8,8
5055,7,7
5056,9,9
5057,5,5
5058,7,7
5059,0,0
5060,2,2
5061,9,9
5062,2,2
5063,5,5
5064,0,0
5065,7,7
5066,8,6
5067,2,4
5068,5,5
5069,2,2
5070,7,9
5071,3,4
5072,3,3
5073,2,2
5074,5,5
5075,9,9
5076,2,2
5077,5,5
5078,7,9
5079,7,7
5080,3,3
5081,8,8
5082,3,3
5083,9,5
5084,6,6
5085,7,5
5086,3,3
5087,0,0
5088,7,7
5089,0,6
5090,9,9
5091,5,5
5092,1,1
5093,3,3
5094,6,6
5095,9,9
5096,3,3
5097,4,6
5098,2,2
5099,5,5
5100,3,3
5101,2,4
5102,9,9
5103,9,9
5104,1,1
5105,2,2
5106,2,2
5107,2,2
5108,4,4
5109,3,6
5110,8,8
5111,7,7
5112,9,9
5113,9,9
5114,4,4
5115,8,8
5116,8,8
5117,9,9
5118,0,0
5119,7,7
5120,6,0
5121,4,4
5122,6,3
5123,8,8
5124,8,6
5125,4,4
5126,2,2
5127,0,0
5128,1,1
5129,4,4
5130,0,0
5131,2,2
5132,1,1
5133,5,5
5134,4,4
5135,6,6
5136,6,6
5137,3,0
5138,3,3
5139,4,4
5140,5,5
5141,6,6
5142,8,8
5143,7,7
5144,6,6
5145,6,0
5146,3,3
5147,1,1
5148,8,8
5149,4,8
5150,8,8
5151,9,9
5152,9,9
5153,5,5
5154,5,5
5155,8,8
5156,2,6
5157,5,5
5158,4,4
5159,4,4
5160,2,2
5161,5,5
5162,4,6
5163,9,9
5164,2,2
5165,7,9
5166,1,1
5167,0,0
5168,2,4
5169,4,6
5170,6,6
5171,9,9
5172,8,8
5173,3,0
5174,4,4
5175,9,9
5176,1,1
5177,9,9
5178,4,4
5179,7,7
5180,3,3
5181,5,5
5182,4,4
5183,3,3
5184,4,4
5185,2,6
5186,1,1
5187,0,6
5188,2,2
5189,4,4
5190,3,3
5191,7,7
5192,8,8
5193,4,4
5194,5,5
5195,5,5
5196,9,9
5197,0,0
5198,4,6
5199,3,3
5200,4,4
5201,5,5
5202,5,5
5203,5,5
5204,7,7
5205,6,3
5206,1,1
5207,3,3
5208,3,3
5209,7,7
5210,0,0
5211,5,7
5212,7,7
5213,6,6
5214,8,8
5215,3,3
5216,5,5
5217,5,5
5218,8,8
5219,1,1
5220,9,9
5221,4,4
5222,0,0
5223,4,4
5224,2,2
5225,1,1
5226,6,6
5227,0,0
5228,1,1
5229,2,6
5230,5,5
5231,0,0
5232,8,8
5233,1,1
5234,1,1
5235,7,7
5236,8,5
5237,2,2
5238,5,5
5239,9,9
5240,0,0
5241,8,8
5242,3,3
5243,4,4
5244,4,4
5245,2,2
5246,7,7
5247,0,0
5248,7,7
5249,3,6
5250,3,6
5251,2,2
5252,1,3
5253,7,7
5254,1,1
5255,6,6
5256,2,4
5257,3,3
5258,4,3
5259,0,0
5260,0,0
5261,8,6
5262,4,4
5263,8,8
5264,7,7
5265,0,0
5266,3,3
5267,6,6
5268,4,4
5269,7,7
5270,3,3
5271,3,3
5272,6,6
5273,0,0
5274,2,2
5275,4,4
5276,4,4
5277,1,1
5278,8,8
5279,1,1
5280,9,9
5281,1,1
5282,2,2
5283,6,6
5284,4,4
5285,6,2
5286,5,5
5287,3,3
5288,3,3
5289,5,5
5290,3,3
5291,5,5
5292,8,8
5293,3,3
5294,9,9
5295,7,7
5296,3,3
5297,0,0
5298,2,0
5299,1,1
5300,6,0
5301,1,1
5302,0,0
5303,7,7
5304,7,7
5305,4,4
5306,8,8
5307,9,9
5308,6,0
5309,1,1
5310,5,5
5311,6,4
5312,9,9
5313,4,4
5314,7,7
5315,9,9
5316,9,9
5317,9,7
5318,3,0
5319,1,1
5320,0,0
5321,9,9
5322,9,9
5323,5,5
5324,1,1
5325,7,7
5326,2,2
5327,9,9
5328,3,1
5329,5,5
5330,6,6
5331,8,8
5332,1,1
5333,7,7
5334,3,3
5335,3,0
5336,8,8
5337,2,4
5338,7,7
5339,8,0
5340,8,8
5341,9,9
5342,8,8
5343,8,8
5344,4,4
5345,5,5
5346,6,6
5347,4,4
5348,5,5
5349,9,9
5350,0,0
5351,0,0
5352,5,5
5353,3,3
5354,7,7
5355,7,7
5356,4,4
5357,4,4
5358,7,7
5359,2,4
5360,5,5
5361,8,8
5362,3,3
5363,7,7
5364,2,2
5365,7,7
5366,3,3
5367,8,8
5368,8,8
5369,8,8
5370,7,7
5371,8,8
5372,6,6
5373,0,0
5374,5,5
5375,7,7
5376,9,9
5377,8,8
5378,5,5
5379,2,6
5380,0,0
5381,6,6
5382,2,4
5383,4,4
5384,6,2
5385,8,8
5386,9,9
5387,9,9
5388,1,1
5389,9,9
5390,5,5
5391,8,8
5392,4,4
5393,4,4
5394,8,8
5395,4,4
5396,8,8
5397,7,7
5398,2,4
5399,8,8
5400,3,3
5401,0,0
5402,7,7
5403,8,8
5404,8,8
5405,3,3
5406,9,9
5407,9,9
5408,5,5
5409,9,9
5410,2,2
5411,6,6
5412,9,9
5413,7,7
5414,5,5
5415,7,7
5416,4,4
5417,9,9
5418,9,9
5419,2,2
5420,3,3
5421,9,9
5422,5,5
5423,3,3
5424,5,5
5425,3,6
5426,1,1
5427,2,2
5428,9,9
5429,1,1
5430,2,4
5431,8,8
5432,5,5
5433,1,1
5434,7,7
5435,9,9
5436,6,0
5437,3,3
5438,3,3
5439,6,6
5440,9,9
5441,0,0
5442,2,4
5443,0,6
5444,0,0
5445,0,0
5446,2,2
5447,9,9
5448,7,7
5449,1,1
5450,9,9
5451,8,8
5452,5,5
5453,2,6
5454,8,8
5455,5,5
5456,9,9
5457,5,5
5458,2,2
5459,4,4
5460,6,2
5461,5,5
5462,2,2
5463,2,2
5464,5,5
5465,4,4
5466,2,2
5467,7,7
5468,1,1
5469,0,2
5470,0,6
5471,4,8
5472,6,2
5473,5,5
5474,6,6
5475,4,2
5476,6,6
5477,7,9
5478,5,5
5479,5,5
5480,1,1
5481,5,5
5482,2,2
5483,4,4
5484,4,4
5485,4,2
5486,4,4
5487,1,1
5488,9,9
5489,0,3
5490,7,7
5491,2,2
5492,7,7
5493,4,4
5494,2,2
5495,9,9
5496,7,7
5497,4,4
5498,2,6
5499,6,6
5500,1,1
5501,7,7
5502,1,1
5503,4,4
5504,7,7
5505,6,6
5506,1,1
5507,7,7
5508,3,3
5509,0,0
5510,3,3
5511,8,6
5512,2,4
5513,0,9
5514,0,0
5515,4,4
5516,1,1
5517,7,7
5518,9,9
5519,0,0
5520,2,2
5521,9,7
5522,2,6
5523,0,6
5524,7,7
5525,1,1
5526,7,9
5527,5,5
5528,2,2
5529,9,9
5530,8,8
5531,6,6
5532,4,4
5533,0,0
5534,3,1
5535,3,3
5536,2,2
5537,2,2
5538,8,8
5539,1,1
5540,0,0
5541,8,8
5542,1,1
5543,8,8
5544,1,1
5545,0,0
5546,1,1
5547,2,4
5548,7,7
5549,3,3
5550,7,7
5551,7,7
5552,3,3
5553,3,3
5554,9,9
5555,9,9
5556,0,0
5557,8,8
5558,2,2
5559,5,5
5560,8,8
5561,9,9
5562,7,5
5563,3,3
5564,7,5
5565,4,4
5566,1,1
5567,3,6
5568,9,9
5569,4,2
5570,3,6
5571,2,2
5572,6,6
5573,1,1
5574,8,8
5575,1,1
5576,3,3
5577,4,3
5578,0,0
5579,2,2
5580,1,1
5581,7,7
5582,0,0
5583,5,5
5584,3,4
5585,5,5
5586,3,3
5587,6,6
5588,4,2
5589,1,1
5590,4,6
5591,0,0
5592,7,7
5593,6,3
5594,6,6
5595,2,6
5596,3,3
5597,4,6
5598,4,1
5599,5,5
5600,2,2
5601,9,9
5602,0,0
5603,8,8
5604,0,0
5605,4,4
5606,6,4
5607,0,0
5608,1,1
5609,7,7
5610,5,5
5611,3,3
5612,3,3
5613,3,3
5614,2,2
5615,0,0
5616,3,3
5617,5,5
5618,2,2
5619,6,6
5620,2,2
5621,5,5
5622,1,1
5623,4,4
5624,2,6
5625,2,2
5626,1,1
5627,9,9
5628,3,3
5629,4,4
5630,6,6
5631,9,9
5632,5,5
5633,8,8
5634,0,0
5635,0,6
5636,3,3
5637,6,6
5638,0,0
5639,8,8
5640,1,1
5641,2,2
5642,3,3
5643,3,3
5644,1,1
5645,5,5
5646,5,5
5647,3,3
5648,2,2
5649,2,6
5650,7,7
5651,1,1
5652,3,3
5653,2,2
5654,3,3
5655,0,6
5656,1,1
5657,2,2
5658,2,2
5659,8,8
5660,6,0
5661,8,8
5662,4,4
5663,7,7
5664,0,0
5665,3,3
5666,1,1
5667,3,3
5668,8,8
5669,3,3
5670,4,4
5671,1,1
5672,2,2
5673,0,0
5674,3,3
5675,0,6
5676,7,7
5677,7,7
5678,8,8
5679,3,3
5680,2,6
5681,9,9
5682,5,5
5683,4,6
5684,0,6
5685,9,9
5686,5,5
5687,4,4
5688,3,3
5689,8,8
5690,7,5
5691,1,3
5692,8,8
5693,3,3
5694,7,7
5695,9,9
5696,0,6
5697,2,2
5698,5,5
5699,1,1
5700,0,0
5701,5,5
5702,6,2
5703,3,3
5704,9,5
5705,7,7
5706,9,9
5707,6,6
5708,0,0
5709,7,7
5710,1,1
5711,2,2
5712,0,0
5713,8,8
5714,2,2
5715,2,2
5716,2,2
5717,7,7
5718,8,8
5719,2,0
5720,2,2
5721,4,4
5722,6,4
5723,9,9
5724,7,7
5725,3,3
5726,2,2
5727,5,5
5728,4,4
5729,5,5
5730,1,1
5731,9,9
5732,5,5
5733,0,0
5734,5,5
5735,2,2
5736,4,4
5737,1,1
5738,7,7
5739,9,9
5740,0,0
5741,3,3
5742,3,3
5743,8,4
5744,9,9
5745,1,1
5746,0,0
5747,3,1
5748,9,9
5749,5,5
5750,6,6
5751,8,8
5752,2,2
5753,4,2
5754,1,1
5755,4,4
5756,0,0
5757,6,6
5758,7,7
5759,9,9
5760,0,0
5761,3,1
5762,1,1
5763,2,4
5764,1,3
5765,6,6
5766,9,9
5767,8,8
5768,1,1
5769,3,3
5770,7,7
5771,3,3
5772,9,9
5773,9,9
5774,5,5
5775,4,4
5776,2,2
5777,3,3
5778,6,6
5779,8,8
5780,8,8
5781,5,5
5782,5,5
5783,1,1
5784,8,8
5785,8,8
5786,5,5
5787,7,7
5788,9,9
5789,9,9
5790,3,3
5791,4,4
5792,4,4
5793,2,2
5794,7,7
5795,9,9
5796,4,6
5797,6,6
5798,7,7
5799,5,5
5800,4,4
5801,7,7
5802,6,6
5803,1,1
5804,4,4
5805,4,2
5806,2,2
5807,0,6
5808,9,9
5809,0,0
5810,0,0
5811,5,5
5812,1,1
5813,1,1
5814,7,7
5815,8,8
5816,3,3
5817,6,6
5818,6,6
5819,2,2
5820,0,0
5821,6,2
5822,4,4
5823,9,9
5824,5,5
5825,2,2
5826,4,4
5827,4,6
5828,4,4
5829,0,6
5830,1,1
5831,5,5
5832,2,2
5833,7,7
5834,8,8
5835,6,6
5836,7,7
5837,7,7
5838,0,0
5839,8,8
5840,4,4
5841,3,3
5842,6,6
5843,9,9
5844,1,1
5845,2,2
5846,1,1
5847,7,7
5848,4,4
5849,3,3
5850,4,4
5851,9,9
5852,9,9
5853,2,2
5854,4,2
5855,4,4
5856,3,3
5857,0,0
5858,5,5
5859,7,7
5860,5,5
5861,2,2
5862,7,7
5863,8,8
5864,9,9
5865,9,9
5866,2,2
5867,7,7
5868,8,8
5869,7,7
5870,7,7
5871,5,5
5872,8,8
5873,7,7
5874,6,6
5875,6,6
5876,9,9
5877,0,0
5878,1,1
5879,8,8
5880,7,7
5881,5,5
5882,2,4
5883,5,5
5884,3,3
5885,7,7
5886,4,6
5887,6,6
5888,5,5
5889,5,5
5890,6,6
5891,9,9
5892,9,9
5893,1,1
5894,9,9
5895,5,5
5896,9,9
5897,4,4
5898,4,4
5899,1,1
5900,9,5
5901,8,8
5902,3,3
5903,5,5
5904,1,1
5905,8,8
5906,6,6
5907,5,5
5908,0,0
5909,2,2
5910,3,3
5911,7,7
5912,1,1
5913,1,1
5914,1,1
5915,8,8
5916,7,7
5917,5,5
5918,4,6
5919,4,3
5920,2,4
5921,7,7
5922,0,0
5923,0,0
5924,5,5
5925,3,3
5926,4,4
5927,8,8
5928,6,6
5929,5,5
5930,2,2
5931,7,7
5932,3,3
5933,2,2
5934,3,3
5935,2,2
5936,7,7
5937,8,8
5938,0,0
5939,7,9
5940,0,0
5941,9,9
5942,5,5
5943,8,8
5944,0,0
5945,7,7
5946,3,3
5947,5,9
5948,0,0
5949,9,9
5950,7,7
5951,3,3
5952,0,0
5953,6,6
5954,5,5
5955,7,7
5956,8,8
5957,2,2
5958,3,3
5959,1,1
5960,9,9
5961,0,0
5962,2,2
5963,9,9
5964,1,1
5965,3,3
5966,4,4
5967,4,0
5968,3,3
5969,3,0
5970,6,6
5971,2,2
5972,4,3
5973,8,8
5974,6,6
5975,2,2
5976,9,9
5977,5,5
5978,0,6
5979,1,1
5980,8,8
5981,4,2
5982,4,4
5983,1,1
5984,6,6
5985,2,2
5986,9,9
5987,4,4
5988,3,6
5989,7,7
5990,9,9
5991,8,6
5992,3,3
5993,5,5
5994,8,4
5995,5,5
5996,9,9
5997,8,8
5998,5,5
5999,3,3
6000,0,0
6001,1,1
6002,2,2
6003,4,6
6004,4,4
6005,1,1
6006,9,9
6007,4,4
6008,4,4
6009,0,6
6010,5,5
6011,5,5
6012,4,4
6013,4,3
6014,2,2
6015,0,0
6016,1,1
6017,4,4
6018,9,9
6019,9,9
6020,7,7
6021,0,6
6022,1,1
6023,2,2
6024,2,6
6025,0,6
6026,2,2
6027,4,6
6028,2,2
6029,5,5
6030,9,9
6031,4,4
6032,8,8
6033,4,2
6034,6,6
6035,1,1
6036,5,5
6037,9,9
6038,6,6
6039,1,1
6040,8,8
6041,9,9
6042,3,3
6043,1,1
6044,7,7
6045,1,1
6046,1,1
6047,1,1
6048,9,9
6049,1,1
6050,3,3
6051,8,8
6052,9,9
6053,9,9
6054,1,1
6055,9,9
6056,6,6
6057,0,0
6058,5,5
6059,8,8
6060,5,5
6061,5,5
6062,9,5
6063,3,3
6064,8,8
6065,9,9
6066,3,0
6067,7,7
6068,8,8
6069,2,2
6070,9,9
6071,2,2
6072,6,0
6073,1,1
6074,5,5
6075,0,0
6076,7,7
6077,8,8
6078,0,0
6079,0,0
6080,9,9
6081,1,1
6082,1,1
6083,8,8
6084,2,2
6085,8,8
6086,9,7
6087,2,2
6088,0,0
6089,7,7
6090,2,2
6091,0,0
6092,0,0
6093,5,5
6094,1,1
6095,2,0
6096,8,8
6097,2,6
6098,3,3
6099,7,7
6100,6,2
6101,1,1
6102,9,9
6103,7,7
6104,6,4
6105,1,1
6106,3,3
6107,9,9
6108,2,2
6109,4,4
6110,0,0
6111,3,3
6112,7,7
6113,5,5
6114,1,1
6115,1,1
6116,9,9
6117,5,5
6118,3,1
6119,5,5
6120,4,4
6121,6,6
6122,6,6
6123,1,1
6124,5,5
6125,2,2
6126,1,1
6127,6,6
6128,2,6
6129,5,5
6130,9,7
6131,9,9
6132,4,4
6133,0,3
6134,4,4
6135,1,1
6136,7,7
6137,9,9
6138,0,0
6139,7,5
6140,7,7
6141,3,3
6142,3,3
6143,8,8
6144,4,4
6145,1,1
6146,8,8
6147,2,2
6148,7,5
6149,6,4
6150,4,4
6151,8,8
6152,9,9
6153,2,2
6154,9,9
6155,3,3
6156,2,2
6157,6,6
6158,1,1
6159,1,1
6160,0,6
6161,4,6
6162,1,1
6163,4,4
6164,9,9
6165,6,8
6166,5,5
6167,9,9
6168,1,1
6169,7,5
6170,6,6
6171,9,9
6172,3,3
6173,2,2
6174,1,1
6175,7,7
6176,2,4
6177,9,9
6178,8,8
6179,8,8
6180,9,9
6181,5,5
6182,5,5
6183,3,3
6184,8,8
6185,1,2
6186,0,0
6187,3,3
6188,6,6
6189,1,1
6190,1,1
6191,9,9
6192,8,0
6193,9,9
6194,7,7
6195,5,5
6196,3,3
6197,2,2
6198,9,9
6199,5,5
6200,5,5
6201,4,4
6202,6,2
6203,9,9
6204,9,9
6205,3,3
6206,0,0
6207,6,6
6208,4,3
6209,1,1
6210,7,7
6211,4,4
6212,9,9
6213,2,2
6214,8,8
6215,5,5
6216,8,8
6217,6,6
6218,0,0
6219,1,1
6220,3,3
6221,2,2
6222,2,2
6223,3,3
6224,0,6
6225,6,6
6226,0,0
6227,2,2
6228,8,8
6229,3,3
6230,2,2
6231,8,8
6232,6,6
6233,1,1
6234,8,8
6235,6,4
6236,5,5
6237,4,4
6238,2,2
6239,3,3
6240,9,9
6241,2,0
6242,2,4
6243,3,4
6244,2,2
6245,5,5
6246,4,4
6247,2,2
6248,7,7
6249,3,6
6250,7,7
6251,3,3
6252,3,3
6253,6,6
6254,9,9
6255,4,6
6256,8,8
6257,5,5
6258,6,6
6259,6,6
6260,3,3
6261,6,6
6262,7,7
6263,2,2
6264,5,5
6265,3,3
6266,1,1
6267,1,1
6268,9,9
6269,7,7
6270,5,5
6271,2,4
6272,2,2
6273,1,1
6274,6,6
6275,4,4
6276,5,5
6277,9,9
6278,2,2
6279,5,5
6280,5,5
6281,3,3
6282,3,3
6283,0,0
6284,9,9
6285,2,2
6286,4,2
6287,2,2
6288,3,3
6289,2,2
6290,4,4
6291,9,9
6292,2,2
6293,3,3
6294,0,0
6295,6,4
6296,2,2
6297,0,0
6298,2,4
6299,1,1
6300,3,3
6301,9,7
6302,2,2
6303,4,4
6304,2,2
6305,2,2
6306,3,3
6307,2,2
6308,3,3
6309,0,0
6310,8,8
6311,3,3
6312,5,5
6313,1,1
6314,2,2
6315,6,8
6316,8,8
6317,2,2
6318,1,1
6319,2,2
6320,1,1
6321,1,1
6322,9,9
6323,6,6
6324,5,5
6325,9,9
6326,6,6
6327,8,8
6328,0,0
6329,3,3
6330,2,6
6331,3,3
6332,6,1
6333,3,3
6334,7,7
6335,5,5
6336,6,6
6337,1,1
6338,1,1
6339,2,2
6340,0,0
6341,5,5
6342,5,5
6343,0,0
6344,1,1
6345,6,6
6346,5,5
6347,2,2
6348,8,8
6349,9,9
6350,7,7
6351,9,9
6352,1,1
6353,1,1
6354,3,3
6355,3,3
6356,5,5
6357,3,6
6358,7,7
6359,5,5
6360,9,9
6361,6,4
6362,9,9
6363,3,3
6364,3,6
6365,6,6
6366,2,0
6367,8,8
6368,5,5
6369,2,6
6370,5,5
6371,9,9
6372,8,8
6373,3,3
6374,8,8
6375,1,1
6376,3,3
6377,1,1
6378,4,3
6379,5,5
6380,2,6
6381,5,5
6382,4,4
6383,4,4
6384,9,9
6385,2,6
6386,7,7
6387,1,1
6388,6,4
6389,8,8
6390,3,3
6391,7,7
6392,7,7
6393,6,6
6394,7,7
6395,9,9
6396,2,4
6397,7,7
6398,7,7
6399,0,0
6400,1,1
6401,4,4
6402,1,1
6403,2,4
6404,8,8
6405,2,2
6406,4,4
6407,7,7
6408,6,6
6409,7,7
6410,1,1
6411,8,8
6412,7,7
6413,5,5
6414,1,1
6415,3,3
6416,1,1
6417,0,0
6418,3,3
6419,4,4
6420,5,5
6421,3,4
6422,8,8
6423,6,6
6424,3,3
6425,4,4
6426,9,9
6427,3,3
6428,1,1
6429,5,5
6430,3,3
6431,0,0
6432,7,7
6433,0,0
6434,6,3
6435,4,4
6436,5,5
6437,1,1
6438,2,6
6439,6,6
6440,2,2
6441,8,8
6442,3,8
6443,9,9
6444,8,8
6445,6,6
6446,7,7
6447,2,2
6448,6,4
6449,2,2
6450,5,5
6451,1,1
6452,9,9
6453,8,6
6454,1,3
6455,8,8
6456,7,7
6457,1,1
6458,8,8
6459,1,1
6460,2,2
6461,0,0
6462,9,9
6463,2,2
6464,4,4
6465,3,4
6466,4,4
6467,6,6
6468,1,1
6469,3,3
6470,5,5
6471,2,2
6472,9,9
6473,7,7
6474,5,5
6475,3,2
6476,5,7
6477,5,5
6478,5,5
6479,6,4
6480,4,4
6481,8,8
6482,0,0
6483,7,7
6484,0,0
6485,8,8
6486,6,0
6487,2,2
6488,1,1
6489,7,9
6490,7,7
6491,7,7
6492,6,3
6493,8,8
6494,0,0
6495,3,3
6496,0,0
6497,9,9
6498,8,8
6499,5,5
6500,6,6
6501,1,4
6502,8,8
6503,1,1
6504,7,5
6505,7,5
6506,7,7
6507,0,0
6508,1,1
6509,6,6
6510,1,1
6511,3,3
6512,2,2
6513,6,6
6514,2,4
6515,6,6
6516,1,1
6517,7,7
6518,6,6
6519,2,2
6520,2,2
6521,6,6
6522,1,1
6523,8,8
6524,2,2
6525,4,2
6526,6,6
6527,3,3
6528,0,0
6529,8,8
6530,8,8
6531,4,4
6532,4,6
6533,2,2
6534,0,0
6535,7,7
6536,0,0
6537,8,8
6538,9,9
6539,1,1
6540,4,6
6541,4,6
6542,7,7
6543,6,0
6544,8,8
6545,1,1
6546,8,8
6547,2,2
6548,4,4
6549,4,6
6550,7,7
6551,5,5
6552,7,7
6553,9,9
6554,9,9
6555,3,3
6556,9,9
6557,4,4
6558,4,4
6559,0,6
6560,6,4
6561,1,1
6562,3,4
6563,8,8
6564,4,4
6565,4,2
6566,7,8
6567,2,6
6568,2,2
6569,2,2
6570,9,9
6571,1,1
6572,8,8
6573,0,0
6574,6,6
6575,2,2
6576,2,6
6577,0,0
6578,3,3
6579,6,6
6580,6,6
6581,1,1
6582,3,3
6583,6,6
6584,3,3
6585,4,3
6586,1,1
6587,7,7
6588,8,8
6589,1,1
6590,0,0
6591,7,7
6592,6,6
6593,5,5
6594,6,0
6595,3,8
6596,2,2
6597,8,6
6598,5,5
6599,8,8
6600,7,7
6601,8,8
6602,4,4
6603,5,5
6604,9,9
6605,5,5
6606,5,5
6607,1,1
6608,2,2
6609,4,4
6610,7,7
6611,2,2
6612,9,9
6613,7,7
6614,8,8
6615,6,3
6616,7,7
6617,4,4
6618,6,6
6619,3,3
6620,8,8
6621,8,8
6622,4,4
6623,5,5
6624,1,1
6625,8,8
6626,2,2
6627,4,6
6628,2,2
6629,2,2
6630,9,9
6631,8,8
6632,9,9
6633,0,0
6634,2,2
6635,7,5
6636,9,9
6637,4,3
6638,5,5
6639,9,9
6640,8,8
6641,4,6
6642,3,3
6643,9,9
6644,5,5
6645,9,9
6646,3,3
6647,0,0
6648,8,8
6649,6,6
6650,3,0
6651,0,6
6652,3,3
6653,5,5
6654,8,8
6655,6,0
6656,0,6
6657,3,1
6658,8,8
6659,2,6
6660,9,9
6661,0,0
6662,0,0
6663,7,7
6664,6,6
6665,6,6
6666,8,8
6667,7,7
6668,6,6
6669,8,8
6670,8,8
6671,2,2
6672,0,0
6673,3,3
6674,6,6
6675,7,7
6676,1,1
6677,4,3
6678,7,7
6679,4,4
6680,6,0
6681,9,7
6682,1,1
6683,6,6
6684,5,5
6685,2,2
6686,0,0
6687,7,7
6688,9,9
6689,6,0
6690,4,3
6691,8,8
6692,8,2
6693,1,1
6694,1,1
6695,8,8
6696,8,8
6697,3,3
6698,5,5
6699,7,7
6700,5,5
6701,6,6
6702,9,7
6703,4,4
6704,3,3
6705,9,9
6706,3,3
6707,8,8
6708,9,9
6709,0,0
6710,2,4
6711,0,0
6712,4,4
6713,5,5
6714,7,7
6715,0,0
6716,2,4
6717,3,3
6718,9,9
6719,7,5
6720,7,7
6721,4,2
6722,2,2
6723,5,5
6724,8,8
6725,3,3
6726,1,1
6727,3,3
6728,7,5
6729,4,4
6730,9,9
6731,4,4
6732,3,3
6733,9,9
6734,9,9
6735,2,2
6736,0,0
6737,8,8
6738,0,0
6739,9,9
6740,1,1
6741,9,9
6742,9,9
6743,0,0
6744,7,7
6745,1,1
6746,4,4
6747,5,5
6748,0,0
6749,3,3
6750,8,8
6751,7,7
6752,2,4
6753,5,5
6754,5,5
6755,9,9
6756,3,3
6757,2,2
6758,0,0
6759,6,0
6760,9,9
6761,0,0
6762,5,5
6763,6,0
6764,1,1
6765,3,3
6766,7,7
6767,9,9
6768,1,1
6769,5,5
6770,9,9
6771,0,6
6772,0,0
6773,9,9
6774,7,7
6775,2,2
6776,9,9
6777,2,2
6778,1,1
6779,2,2
6780,7,7
6781,5,5
6782,1,1
6783,0,0
6784,7,7
6785,3,3
6786,4,4
6787,7,7
6788,6,6
6789,4,4
6790,6,6
6791,8,8
6792,5,5
6793,7,7
6794,9,9
6795,5,5
6796,7,7
6797,3,3
6798,3,6
6799,3,3
6800,9,9
6801,3,3
6802,3,4
6803,1,1
6804,5,5
6805,6,6
6806,9,9
6807,7,7
6808,4,4
6809,0,0
6810,6,6
6811,5,5
6812,8,8
6813,0,0
6814,7,7
6815,7,7
6816,3,3
6817,2,2
6818,0,0
6819,4,4
6820,8,8
6821,2,2
6822,0,0
6823,6,6
6824,9,9
6825,8,8
6826,9,9
6827,6,2
6828,5,5
6829,0,0
6830,6,4
6831,0,0
6832,2,2
6833,6,6
6834,3,3
6835,1,1
6836,8,8
6837,7,7
6838,4,4
6839,1,1
6840,9,9
6841,1,1
6842,2,2
6843,8,8
6844,5,5
6845,6,6
6846,3,3
6847,0,0
6848,0,0
6849,2,2
6850,6,6
6851,0,0
6852,7,7
6853,2,2
6854,1,1
6855,8,8
6856,2,4
6857,8,8
6858,7,7
6859,9,9
6860,2,4
6861,1,1
6862,2,6
6863,5,5
6864,7,7
6865,7,7
6866,3,3
6867,6,2
6868,5,5
6869,7,7
6870,3,3
6871,6,6
6872,7,7
6873,3,3
6874,2,2
6875,3,2
6876,9,9
6877,6,6
6878,7,7
6879,3,3
6880,9,9
6881,1,1
6882,6,2
6883,1,1
6884,9,9
6885,7,7
6886,2,2
6887,3,3
6888,3,3
6889,8,8
6890,1,1
6891,8,8
6892,3,3
6893,5,5
6894,0,0
6895,5,5
6896,3,3
6897,8,8
6898,5,5
6899,7,7
6900,6,4
6901,9,9
6902,0,0
6903,6,6
6904,8,8
6905,3,3
6906,2,2
6907,3,3
6908,3,3
6909,6,4
6910,3,3
6911,7,7
6912,8,8
6913,7,7
6914,1,1
6915,3,3
6916,7,7
6917,8,8
6918,9,9
6919,5,5
6920,5,5
6921,2,2
6922,4,2
6923,4,4
6924,5,5
6925,0,0
6926,8,8
6927,6,0
6928,0,3
6929,4,6
6930,6,0
6931,8,8
6932,8,8
6933,9,9
6934,6,6
6935,9,9
6936,1,1
6937,5,5
6938,1,1
6939,2,2
6940,1,1
6941,3,3
6942,2,2
6943,2,2
6944,2,2
6945,4,4
6946,5,5
6947,7,7
6948,5,5
6949,9,9
6950,2,2
6951,0,0
6952,5,5
6953,7,7
6954,6,0
6955,5,5
6956,6,6
6957,5,5
6958,0,6
6959,0,6
6960,2,4
6961,0,0
6962,5,7
6963,1,1
6964,5,5
6965,4,2
6966,9,9
6967,8,8
6968,1,1
6969,7,7
6970,6,6
6971,2,4
6972,4,4
6973,0,0
6974,7,7
6975,1,1
6976,8,8
6977,5,5
6978,7,7
6979,8,8
6980,5,5
6981,5,5
6982,1,1
6983,8,8
6984,5,5
6985,7,9
6986,7,7
6987,7,7
6988,6,6
6989,5,5
6990,2,2
6991,2,2
6992,1,1
6993,2,2
6994,2,4
6995,6,4
6996,1,1
6997,0,6
6998,0,3
6999,9,9
7000,1,1
7001,8,8
7002,2,2
7003,4,3
7004,7,7
7005,4,6
7006,9,9
7007,5,5
7008,7,7
7009,4,4
7010,3,3
7011,9,9
7012,5,5
7013,6,6
7014,8,2
7015,2,2
7016,7,7
7017,3,3
7018,9,9
7019,3,3
7020,0,0
7021,5,5
7022,9,9
7023,0,0
7024,9,9
7025,6,6
7026,0,6
7027,6,6
7028,5,5
7029,7,9
7030,1,1
7031,2,6
7032,5,5
7033,2,2
7034,0,0
7035,2,2
7036,3,3
7037,1,1
7038,1,1
7039,1,1
7040,7,7
7041,6,6
7042,2,2
7043,2,6
7044,5,5
7045,9,9
7046,8,8
7047,7,7
7048,9,9
7049,3,3
7050,4,2
7051,7,7
7052,9,9
7053,2,2
7054,0,0
7055,1,1
7056,1,1
7057,1,1
7058,4,4
7059,8,8
7060,0,0
7061,8,8
7062,0,0
7063,9,9
7064,5,5
7065,6,6
7066,7,7
7067,0,0
7068,8,8
7069,2,4
7070,4,4
7071,4,4
7072,2,2
7073,2,2
7074,2,2
7075,5,5
7076,7,7
7077,2,2
7078,9,9
7079,7,9
7080,2,2
7081,2,2
7082,2,2
7083,0,0
7084,7,7
7085,4,4
7086,5,5
7087,2,2
7088,3,3
7089,3,3
7090,1,1
7091,9,9
7092,8,8
7093,1,1
7094,8,8
7095,2,6
7096,2,6
7097,3,3
7098,9,9
7099,1,1
7100,9,9
7101,7,7
7102,2,2
7103,9,9
7104,3,0
7105,9,9
7106,4,3
7107,0,0
7108,4,4
7109,0,2
7110,3,3
7111,4,4
7112,6,6
7113,0,6
7114,9,9
7115,2,6
7116,1,1
7117,1,1
7118,0,0
7119,9,5
7120,6,6
7121,7,7
7122,0,0
7123,4,4
7124,1,1
7125,1,1
7126,7,9
7127,0,0
7128,0,0
7129,1,1
7130,9,9
7131,2,6
7132,7,7
7133,3,3
7134,7,5
7135,4,4
7136,1,1
7137,6,2
7138,0,0
7139,4,4
7140,0,0
7141,3,3
7142,0,0
7143,2,2
7144,3,3
7145,5,5
7146,9,9
7147,5,5
7148,8,8
7149,9,9
7150,3,3
7151,1,1
7152,7,7
7153,8,8
7154,9,9
7155,4,4
7156,1,1
7157,1,1
7158,9,9
7159,0,0
7160,7,7
7161,0,0
7162,0,0
7163,9,9
7164,1,6
7165,0,0
7166,2,2
7167,9,9
7168,2,6
7169,8,8
7170,5,5
7171,5,5
7172,9,9
7173,3,3
7174,3,3
7175,5,5
7176,7,7
7177,1,1
7178,3,2
7179,3,3
7180,3,3
7181,5,5
7182,6,6
7183,6,6
7184,4,4
7185,1,1
7186,1,1
7187,9,9
7188,1,1
7189,4,6
7190,0,6
7191,6,6
7192,2,2
7193,2,2
7194,6,6
7195,6,6
7196,0,6
7197,3,3
7198,5,5
7199,0,0
7200,3,3
7201,0,0
7202,5,5
7203,1,1
7204,1,1
7205,8,8
7206,2,2
7207,5,5
7208,3,3
7209,5,5
7210,1,1
7211,2,4
7212,6,4
7213,3,3
7214,1,1
7215,2,2
7216,7,7
7217,9,9
7218,6,6
7219,3,3
7220,8,8
7221,5,5
7222,2,6
7223,6,6
7224,9,9
7225,1,1
7226,9,5
7227,7,7
7228,7,7
7229,4,4
7230,2,2
7231,2,2
7232,7,7
7233,5,5
7234,4,4
7235,1,1
7236,5,5
7237,7,7
7238,7,7
7239,8,8
7240,2,2
7241,8,8
7242,3,3
7243,7,7
7244,4,4
7245,0,6
7246,8,2
7247,9,9
7248,9,9
7249,0,0
7250,2,0
7251,7,7
7252,3,3
7253,1,1
7254,0,0
7255,8,8
7256,2,2
7257,4,4
7258,4,4
7259,4,6
7260,7,7
7261,1,1
7262,8,8
7263,4,6
7264,0,0
7265,3,3
7266,2,4
7267,0,0
7268,3,3
7269,9,9
7270,8,8
7271,0,0
7272,0,0
7273,8,8
7274,3,3
7275,9,9
7276,2,2
7277,1,1
7278,5,5
7279,2,4
7280,5,5
7281,0,0
7282,8,8
7283,4,4
7284,2,2
7285,5,5
7286,9,9
7287,3,3
7288,0,0
7289,4,2
7290,7,7
7291,8,8
7292,5,5
7293,9,9
7294,5,5
7295,0,0
7296,0,0
7297,6,6
7298,9,9
7299,7,7
7300,4,2
7301,9,9
7302,2,2
7303,2,2
7304,2,6
7305,4,4
7306,6,0
7307,1,1
7308,4,4
7309,3,3
7310,9,9
7311,4,4
7312,0,0
7313,3,3
7314,4,4
7315,2,4
7316,6,6
7317,9,9
7318,4,4
7319,7,7
7320,2,2
7321,5,5
7322,4,4
7323,3,3
7324,4,4
7325,5,5
7326,9,7
7327,0,0
7328,2,2
7329,1,1
7330,1,1
7331,8,8
7332,7,7
7333,1,3
7334,2,2
7335,0,6
7336,9,5
7337,2,2
7338,3,3
7339,8,8
7340,8,8
7341,8,8
7342,9,9
7343,3,3
7344,0,6
7345,9,9
7346,4,6
7347,3,0
7348,3,3
7349,6,6
7350,8,4
7351,2,2
7352,8,8
7353,8,8
7354,5,5
7355,9,9
7356,2,2
7357,7,7
7358,1,1
7359,9,9
7360,0,0
7361,3,3
7362,3,3
7363,3,3
7364,2,2
7365,3,3
7366,9,9
7367,9,9
7368,5,5
7369,1,3
7370,0,2
7371,4,4
7372,2,2
7373,4,4
7374,6,6
7375,4,4
7376,5,5
7377,3,3
7378,4,4
7379,9,9
7380,8,8
7381,5,5
7382,8,8
7383,0,3
7384,4,4
7385,1,1
7386,4,4
7387,8,8
7388,9,9
7389,2,2
7390,6,6
7391,2,2
7392,3,3
7393,5,5
7394,3,0
7395,3,3
7396,5,5
7397,2,2
7398,5,5
7399,3,3
7400,9,9
7401,1,1
7402,2,2
7403,9,9
7404,8,8
7405,9,9
7406,3,3
7407,8,8
7408,8,8
7409,5,5
7410,5,5
7411,8,8
7412,4,4
7413,4,4
7414,0,0
7415,8,8
7416,3,3
7417,0,6
7418,4,4
7419,9,9
7420,6,6
7421,1,1
7422,0,0
7423,5,5
7424,1,1
7425,2,4
7426,3,0
7427,9,9
7428,2,2
7429,6,6
7430,3,3
7431,6,6
7432,7,7
7433,4,4
7434,6,6
7435,4,4
7436,3,3
7437,8,8
7438,5,5
7439,1,1
7440,8,8
7441,3,3
7442,4,4
7443,4,2
7444,5,5
7445,6,6
7446,0,0
7447,7,7
7448,8,8
7449,7,7
7450,4,4
7451,2,4
7452,2,2
7453,2,2
7454,9,9
7455,3,3
7456,5,5
7457,0,0
7458,9,9
7459,9,9
7460,0,0
7461,1,1
7462,3,3
7463,7,7
7464,1,1
7465,9,9
7466,6,6
7467,7,5
7468,2,2
7469,6,6
7470,9,9
7471,5,5
7472,7,7
7473,9,9
7474,4,4
7475,2,2
7476,8,8
7477,3,3
7478,1,1
7479,7,7
7480,8,8
7481,8,8
7482,6,6
7483,8,8
7484,0,0
7485,5,5
7486,5,5
7487,7,7
7488,1,1
7489,9,9
7490,6,6
7491,2,2
7492,1,1
7493,5,5
7494,1,1
7495,9,9
7496,6,6
7497,1,1
7498,6,6
7499,3,3
7500,2,2
7501,5,5
7502,3,3
7503,9,9
7504,3,3
7505,5,5
7506,2,4
7507,0,0
7508,6,6
7509,9,9
7510,9,5
7511,4,4
7512,2,2
7513,3,3
7514,8,8
7515,5,5
7516,8,8
7517,3,3
7518,6,6
7519,4,4
7520,1,1
7521,4,4
7522,9,9
7523,5,5
7524,8,8
7525,9,9
7526,0,7
7527,3,3
7528,6,6
7529,9,9
7530,5,5
7531,9,9
7532,1,1
7533,1,1
7534,1,1
7535,8,8
7536,4,4
7537,1,1
7538,4,4
7539,6,6
7540,9,9
7541,9,9
7542,8,8
7543,9,9
7544,7,7
7545,4,4
7546,4,4
7547,1,1
7548,9,9
7549,9,9
7550,1,1
7551,9,9
7552,2,3
7553,2,2
7554,3,3
7555,7,7
7556,3,1
7557,1,1
7558,3,3
7559,3,6
7560,8,8
7561,3,3
7562,4,4
7563,3,3
7564,3,3
7565,8,8
7566,6,3
7567,7,7
7568,1,1
7569,0,0
7570,3,3
7571,8,8
7572,4,4
7573,7,7
7574,9,9
7575,8,8
7576,0,0
7577,3,3
7578,0,0
7579,4,4
7580,5,5
7581,7,7
7582,0,6
7583,7,7
7584,3,3
7585,9,5
7586,0,0
7587,6,2
7588,6,3
7589,3,3
7590,3,3
7591,0,0
7592,6,6
7593,4,4
7594,4,4
7595,4,4
7596,4,4
7597,6,4
7598,9,9
7599,9,9
7600,6,0
7601,7,7
7602,4,4
7603,0,0
7604,2,2
7605,6,2
7606,1,1
7607,9,9
7608,5,5
7609,9,9
7610,9,9
7611,0,0
7612,5,5
7613,8,8
7614,6,6
7615,7,7
7616,3,3
7617,9,9
7618,5,5
7619,2,2
7620,8,8
7621,9,9
7622,5,5
7623,8,8
7624,0,0
7625,0,0
7626,3,3
7627,0,0
7628,6,6
7629,3,3
7630,7,7
7631,8,8
7632,0,0
7633,1,1
7634,2,2
7635,2,2
7636,6,3
7637,1,1
7638,1,1
7639,2,3
7640,2,2
7641,2,2
7642,5,5
7643,4,4
7644,3,3
7645,9,9
7646,3,3
7647,4,3
7648,2,2
7649,3,3
7650,7,7
7651,2,2
7652,9,9
7653,2,2
7654,1,1
7655,6,6
7656,7,7
7657,5,5
7658,5,5
7659,9,9
7660,2,2
7661,0,6
7662,9,9
7663,7,7
7664,9,9
7665,9,7
7666,2,4
7667,1,1
7668,8,8
7669,3,3
7670,3,3
7671,8,8
7672,0,0
7673,8,8
7674,9,7
7675,0,0
7676,7,7
7677,7,7
7678,9,9
7679,6,6
7680,4,3
7681,0,0
7682,3,3
7683,7,7
7684,2,4
7685,1,1
7686,5,5
7687,2,2
7688,0,0
7689,5,5
7690,8,8
7691,6,6
7692,7,7
7693,0,0
7694,1,1
7695,0,0
7696,5,5
7697,6,6
7698,2,2
7699,1,1
7700,4,4
7701,1,1
7702,8,8
7703,7,7
7704,9,9
7705,9,9
7706,7,7
7707,3,3
7708,6,2
7709,2,2
7710,2,4
7711,7,7
7712,6,6
7713,3,3
7714,9,9
7715,6,6
7716,3,3
7717,9,9
7718,5,5
7719,1,1
7720,0,6
7721,9,9
7722,8,2
7723,7,7
7724,4,4
7725,3,3
7726,5,5
7727,7,7
7728,2,2
7729,7,7
7730,4,2
7731,8,8
7732,7,7
7733,5,5
7734,4,4
7735,5,5
7736,9,9
7737,4,4
7738,3,3
7739,5,5
7740,0,0
7741,2,2
7742,5,5
7743,5,5
7744,3,3
7745,1,1
7746,9,9
7747,3,3
7748,7,7
7749,1,1
7750,0,0
7751,3,3
7752,4,4
7753,4,4
7754,2,2
7755,5,5
7756,9,7
7757,2,2
7758,1,1
7759,1,1
7760,7,7
7761,7,7
7762,9,7
7763,0,0
7764,1,1
7765,6,6
7766,8,8
7767,5,5
7768,2,2
7769,5,5
7770,0,3
7771,7,7
7772,8,8
7773,7,7
7774,7,7
7775,0,0
7776,8,8
7777,5,5
7778,6,6
7779,0,6
7780,5,5
7781,5,5
7782,6,6
7783,7,7
7784,7,7
7785,9,9
7786,7,7
7787,1,1
7788,0,0
7789,0,0
7790,8,8
7791,0,0
7792,4,4
7793,0,0
7794,6,6
7795,4,4
7796,5,5
7797,5,5
7798,0,0
7799,7,5
7800,3,3
7801,3,6
7802,4,4
7803,5,5
7804,0,0
7805,7,7
7806,1,1
7807,8,8
7808,7,7
7809,1,1
7810,2,3
7811,2,2
7812,0,0
7813,4,6
7814,7,7
7815,3,3
7816,7,7
7817,4,4
7818,2,8
7819,2,0
7820,3,3
7821,9,9
7822,4,4
7823,6,0
7824,3,3
7825,0,0
7826,8,8
7827,7,7
7828,3,3
7829,3,3
7830,0,6
7831,5,5
7832,6,0
7833,1,1
7834,5,5
7835,0,0
7836,9,9
7837,9,9
7838,1,1
7839,3,3
7840,0,0
7841,6,6
7842,1,1
7843,6,6
7844,6,6
7845,5,5
7846,7,7
7847,2,2
7848,4,4
7849,0,0
7850,9,9
7851,2,2
7852,3,6
7853,8,8
7854,2,2
7855,8,8
7856,6,3
7857,7,7
7858,7,7
7859,3,3
7860,3,3
7861,9,9
7862,5,5
7863,7,7
7864,0,6
7865,0,0
7866,9,9
7867,4,4
7868,5,5
7869,0,0
7870,7,7
7871,2,2
7872,9,9
7873,5,5
7874,5,5
7875,8,8
7876,7,7
7877,4,1
7878,9,9
7879,5,5
7880,6,6
7881,3,3
7882,6,6
7883,3,3
7884,6,0
7885,4,2
7886,7,7
7887,6,6
7888,4,4
7889,2,2
7890,5,5
7891,4,4
7892,1,1
7893,5,5
7894,7,7
7895,9,9
7896,7,7
7897,3,3
7898,9,9
7899,8,8
7900,8,0
7901,5,5
7902,1,1
7903,9,9
7904,6,6
7905,1,1
7906,0,0
7907,4,6
7908,8,8
7909,0,0
7910,7,7
7911,6,6
7912,9,9
7913,8,8
7914,8,8
7915,4,4
7916,3,4
7917,4,4
7918,1,1
7919,7,7
7920,7,7
7921,1,1
7922,2,1
7923,6,6
7924,7,7
7925,0,6
7926,3,3
7927,2,2
7928,8,8
7929,7,7
7930,8,8
7931,7,7
7932,9,9
7933,1,1
7934,1,1
7935,3,3
7936,8,8
7937,7,9
7938,5,5
7939,9,9
7940,1,1
7941,0,0
7942,6,6
7943,3,3
7944,4,4
7945,4,4
7946,2,4
7947,7,7
7948,1,1
7949,4,3
7950,0,0
7951,1,1
7952,5,5
7953,3,4
7954,4,4
7955,9,9
7956,2,2
7957,4,4
7958,2,2
7959,2,2
7960,0,6
7961,7,7
7962,7,7
7963,4,6
7964,7,7
7965,1,1
7966,4,4
7967,0,0
7968,8,8
7969,3,3
7970,3,3
7971,5,5
7972,6,6
7973,0,0
7974,8,8
7975,3,3
7976,0,0
7977,2,2
7978,0,0
7979,1,1
7980,8,8
7981,4,4
7982,3,0
7983,2,2
7984,9,9
7985,5,5
7986,4,4
7987,4,4
7988,5,5
7989,2,2
7990,1,1
7991,6,6
7992,4,4
7993,4,6
7994,5,5
7995,8,8
7996,0,0
7997,7,7
7998,3,3
7999,2,2
8000,6,6
8001,7,7
8002,4,2
8003,2,2
8004,3,3
8005,4,6
8006,4,6
8007,2,2
8008,6,0
8009,3,3
8010,4,2
8011,5,5
8012,1,1
8013,7,7
8014,5,5
8015,2,2
8016,5,5
8017,7,7
8018,9,7
8019,9,9
8020,9,9
8021,9,9
8022,2,2
8023,0,0
8024,9,9
8025,2,2
8026,0,0
8027,5,5
8028,5,5
8029,5,5
8030,0,0
8031,5,5
8032,6,0
8033,6,6
8034,0,6
8035,0,0
8036,6,6
8037,9,9
8038,9,9
8039,6,2
8040,3,4
8041,5,5
8042,4,4
8043,0,0
8044,1,1
8045,0,0
8046,8,8
8047,9,9
8048,5,5
8049,7,7
8050,3,3
8051,0,0
8052,2,2
8053,4,4
8054,1,1
8055,6,3
8056,8,8
8057,1,1
8058,8,8
8059,2,2
8060,6,0
8061,6,6
8062,9,9
8063,8,8
8064,5,5
8065,1,1
8066,4,2
8067,4,4
8068,0,0
8069,9,9
8070,6,6
8071,8,8
8072,8,8
8073,0,0
8074,7,7
8075,3,1
8076,6,6
8077,9,9
8078,8,8
8079,9,9
8080,9,9
8081,6,4
8082,9,9
8083,4,6
8084,3,3
8085,3,3
8086,2,4
8087,9,5
8088,0,0
8089,8,8
8090,0,0
8091,2,4
8092,6,0
8093,3,3
8094,0,0
8095,0,0
8096,0,0
8097,3,3
8098,3,3
8099,5,5
8100,9,9
8101,4,4
8102,7,7
8103,1,1
8104,5,5
8105,4,4
8106,1,1
8107,6,6
8108,1,1
8109,7,7
8110,9,9
8111,4,4
8112,0,3
8113,4,4
8114,5,5
8115,2,2
8116,9,9
8117,4,4
8118,9,9
8119,8,8
8120,8,8
8121,7,7
8122,6,4
8123,2,2
8124,3,3
8125,9,9
8126,3,3
8127,6,6
8128,7,7
8129,0,0
8130,2,2
8131,5,7
8132,0,0
8133,2,6
8134,1,1
8135,0,0
8136,5,5
8137,7,7
8138,3,0
8139,5,5
8140,9,9
8141,2,4
8142,3,3
8143,2,2
8144,8,8
8145,5,5
8146,8,8
8147,1,1
8148,9,9
8149,6,6
8150,7,7
8151,6,6
8152,7,7
8153,3,3
8154,6,6
8155,2,4
8156,5,5
8157,8,1
8158,8,8
8159,8,8
8160,8,8
8161,7,7
8162,2,4
8163,6,6
8164,5,5
8165,1,1
8166,5,5
8167,9,9
8168,6,6
8169,0,0
8170,9,9
8171,5,5
8172,8,8
8173,5,5
8174,7,7
8175,3,3
8176,9,9
8177,8,8
8178,3,3
8179,4,4
8180,8,6
8181,5,5
8182,7,7
8183,5,5
8184,1,1
8185,1,1
8186,5,5
8187,4,4
8188,1,1
8189,8,8
8190,5,5
8191,8,8
8192,4,2
8193,9,9
8194,6,6
8195,3,3
8196,3,3
8197,4,4
8198,0,0
8199,2,2
8200,4,4
8201,1,1
8202,1,1
8203,4,6
8204,7,7
8205,0,3
8206,7,9
8207,0,0
8208,2,2
8209,8,8
8210,8,8
8211,8,8
8212,8,6
8213,7,7
8214,7,7
8215,1,1
8216,2,2
8217,6,6
8218,4,6
8219,1,1
8220,6,6
8221,0,0
8222,2,2
8223,5,5
8224,8,8
8225,2,2
8226,4,4
8227,2,2
8228,3,3
8229,1,1
8230,5,5
8231,5,5
8232,4,4
8233,4,4
8234,0,0
8235,5,5
8236,4,4
8237,7,7
8238,0,6
8239,3,3
8240,2,4
8241,5,5
8242,9,5
8243,7,7
8244,5,5
8245,7,7
8246,0,0
8247,1,1
8248,1,1
8249,9,9
8250,7,7
8251,5,5
8252,0,0
8253,1,1
8254,9,9
8255,6,6
8256,3,3
8257,6,6
8258,5,5
8259,4,4
8260,0,3
8261,4,6
8262,5,5
8263,7,7
8264,2,2
8265,2,2
8266,2,2
8267,0,0
8268,5,5
8269,6,6
8270,2,6
8271,3,3
8272,7,7
8273,8,8
8274,6,6
8275,2,2
8276,2,6
8277,1,1
8278,1,1
8279,7,7
8280,5,5
8281,2,2
8282,5,5
8283,3,3
8284,6,4
8285,8,8
8286,5,5
8287,8,8
8288,8,8
8289,6,6
8290,1,1
8291,2,2
8292,3,3
8293,7,5
8294,2,6
8295,9,9
8296,0,0
8297,4,4
8298,5,5
8299,2,2
8300,3,3
8301,4,4
8302,9,9
8303,5,5
8304,5,5
8305,9,9
8306,4,4
8307,0,6
8308,4,4
8309,1,1
8310,1,1
8311,8,8
8312,9,9
8313,4,4
8314,4,4
8315,2,2
8316,3,3
8317,3,3
8318,3,0
8319,7,7
8320,1,1
8321,8,8
8322,8,8
8323,5,5
8324,0,0
8325,3,0
8326,7,7
8327,7,7
8328,1,1
8329,0,0
8330,1,1
8331,4,4
8332,1,1
8333,9,9
8334,0,0
8335,4,4
8336,1,1
8337,1,1
8338,0,0
8339,7,7
8340,3,3
8341,7,7
8342,2,3
8343,9,9
8344,0,0
8345,1,1
8346,8,8
8347,9,9
8348,0,0
8349,6,0
8350,6,6
8351,0,0
8352,9,9
8353,1,1
8354,3,6
8355,1,1
8356,2,2
8357,7,7
8358,8,8
8359,0,0
8360,5,5
8361,0,6
8362,8,8
8363,2,2
8364,5,5
8365,5,5
8366,1,1
8367,5,5
8368,9,9
8369,1,1
8370,8,8
8371,5,5
8372,3,3
8373,1,1
8374,2,6
8375,6,6
8376,3,0
8377,7,7
8378,3,3
8379,5,5
8380,4,4
8381,8,8
8382,0,0
8383,7,7
8384,1,1
8385,2,2
8386,3,3
8387,9,9
8388,8,8
8389,3,3
8390,8,8
8391,7,7
8392,7,7
8393,9,9
8394,7,7
8395,0,0
8396,9,9
8397,4,4
8398,0,0
8399,9,9
8400,6,6
8401,1,1
8402,9,9
8403,8,8
8404,6,6
8405,3,3
8406,7,7
8407,6,4
8408,9,9
8409,5,5
8410,4,4
8411,7,7
8412,1,1
8413,2,2
8414,1,1
8415,2,2
8416,3,3
8417,9,9
8418,2,2
8419,0,0
8420,5,5
8421,2,0
8422,0,0
8423,5,5
8424,5,5
8425,4,4
8426,0,0
8427,9,9
8428,9,9
8429,1,1
8430,0,6
8431,7,7
8432,7,7
8433,7,7
8434,4,4
8435,5,5
8436,1,1
8437,4,2
8438,0,0
8439,4,6
8440,3,3
8441,8,8
8442,9,9
8443,8,8
8444,4,4
8445,1,1
8446,0,0
8447,8,8
8448,3,3
8449,9,9
8450,8,8
8451,8,8
8452,7,7
8453,8,8
8454,3,3
8455,6,0
8456,0,0
8457,7,7
8458,6,4
8459,8,8
8460,6,6
8461,9,9
8462,9,9
8463,6,4
8464,7,5
8465,7,7
8466,2,2
8467,2,2
8468,1,1
8469,5,5
8470,3,3
8471,2,4
8472,3,0
8473,5,5
8474,5,5
8475,0,0
8476,8,8
8477,2,4
8478,7,7
8479,8,8
8480,9,9
8481,4,4
8482,2,2
8483,1,1
8484,7,7
8485,4,4
8486,2,4
8487,4,4
8488,9,9
8489,4,4
8490,3,3
8491,6,6
8492,0,0
8493,7,7
8494,7,7
8495,8,8
8496,0,0
8497,9,9
8498,1,1
8499,2,2
8500,6,6
8501,2,2
8502,9,9
8503,7,7
8504,1,1
8505,9,9
8506,9,7
8507,3,3
8508,3,3
8509,1,1
8510,2,2
8511,3,3
8512,5,5
8513,6,4
8514,3,3
8515,7,7
8516,4,4
8517,1,1
8518,4,4
8519,6,6
8520,2,6
8521,7,7
8522,5,5
8523,4,4
8524,6,6
8525,7,7
8526,7,9
8527,8,8
8528,1,1
8529,8,8
8530,1,1
8531,2,2
8532,2,2
8533,5,5
8534,5,5
8535,6,6
8536,1,1
8537,2,4
8538,6,6
8539,0,6
8540,1,1
8541,2,2
8542,0,0
8543,7,7
8544,6,6
8545,8,8
8546,8,8
8547,2,2
8548,8,8
8549,4,4
8550,5,5
8551,0,0
8552,0,0
8553,1,1
8554,7,7
8555,9,9
8556,7,7
8557,3,4
8558,5,9
8559,4,4
8560,0,0
8561,2,2
8562,8,8
8563,7,7
8564,1,1
8565,0,0
8566,8,8
8567,7,7
8568,8,6
8569,8,8
8570,4,4
8571,8,8
8572,2,2
8573,8,8
8574,0,0
8575,1,1
8576,5,5
8577,3,3
8578,8,8
8579,1,1
8580,7,7
8581,2,4
8582,9,9
8583,3,3
8584,7,7
8585,9,9
8586,5,5
8587,1,1
8588,8,8
8589,3,3
8590,0,0
8591,9,9
8592,0,3
8593,0,6
8594,2,2
8595,4,4
8596,2,2
8597,7,7
8598,6,6
8599,6,2
8600,9,9
8601,8,8
8602,8,8
8603,1,1
8604,5,5
8605,7,7
8606,7,7
8607,1,1
8608,7,9
8609,5,5
8610,4,4
8611,1,1
8612,0,0
8613,7,7
8614,8,8
8615,7,7
8616,3,3
8617,7,7
8618,0,6
8619,6,2
8620,5,5
8621,5,5
8622,1,4
8623,8,6
8624,7,7
8625,0,2
8626,6,6
8627,3,3
8628,2,2
8629,0,0
8630,4,4
8631,7,7
8632,8,8
8633,6,6
8634,8,6
8635,0,0
8636,1,1
8637,5,5
8638,3,3
8639,8,8
8640,3,3
8641,9,9
8642,7,7
8643,1,1
8644,7,7
8645,1,1
8646,3,0
8647,3,3
8648,8,8
8649,5,5
8650,0,0
8651,0,0
8652,6,6
8653,4,4
8654,1,1
8655,1,1
8656,2,2
8657,9,9
8658,0,0
8659,0,6
8660,2,2
8661,1,1
8662,3,3
8663,2,2
8664,7,7
8665,0,6
8666,1,1
8667,8,8
8668,5,5
8669,7,7
8670,0,2
8671,0,0
8672,5,5
8673,0,0
8674,4,4
8675,6,6
8676,2,2
8677,2,2
8678,5,5
8679,2,4
8680,1,1
8681,8,8
8682,2,2
8683,1,1
8684,7,5
8685,3,3
8686,8,8
8687,8,8
8688,9,9
8689,9,9
8690,0,0
8691,1,1
8692,8,8
8693,1,1
8694,4,4
8695,9,9
8696,6,0
8697,3,3
8698,1,1
8699,1,1
8700,4,4
8701,7,7
8702,8,8
8703,3,3
8704,4,4
8705,9,9
8706,3,6
8707,2,6
8708,8,8
8709,2,3
8710,8,8
8711,6,2
8712,9,9
8713,4,4
8714,7,7
8715,5,7
8716,3,0
8717,3,3
8718,2,0
8719,4,2
8720,5,5
8721,7,7
8722,3,3
8723,7,7
8724,4,4
8725,6,6
8726,6,0
8727,9,9
8728,3,3
8729,0,6
8730,5,5
8731,4,4
8732,1,1
8733,2,2
8734,1,1
8735,8,8
8736,1,1
8737,9,9
8738,4,4
8739,8,8
8740,9,9
8741,9,9
8742,3,3
8743,3,3
8744,7,7
8745,0,0
8746,0,6
8747,2,6
8748,1,1
8749,6,6
8750,4,6
8751,6,6
8752,4,4
8753,3,2
8754,2,2
8755,7,7
8756,0,0
8757,6,6
8758,3,1
8759,4,2
8760,0,0
8761,0,0
8762,1,1
8763,3,6
8764,8,0
8765,6,3
8766,5,5
8767,7,7
8768,9,9
8769,6,1
8770,6,6
8771,3,3
8772,7,7
8773,9,5
8774,1,1
8775,6,2
8776,7,7
8777,7,7
8778,5,5
8779,8,8
8780,0,0
8781,9,9
8782,1,1
8783,6,0
8784,1,1
8785,4,6
8786,9,9
8787,1,1
8788,6,6
8789,5,5
8790,3,3
8791,3,3
8792,0,0
8793,7,7
8794,1,1
8795,2,2
8796,7,7
8797,9,9
8798,3,3
8799,7,7
8800,4,4
8801,4,4
8802,4,4
8803,6,6
8804,7,7
8805,2,4
8806,7,7
8807,3,3
8808,1,1
8809,9,7
8810,8,8
8811,8,8
8812,7,7
8813,0,0
8814,1,1
8815,6,4
8816,0,0
8817,9,9
8818,7,7
8819,9,9
8820,9,9
8821,1,1
8822,2,2
8823,0,0
8824,4,4
8825,7,7
8826,4,4
8827,3,3
8828,3,4
8829,1,1
8830,7,7
8831,5,5
8832,7,7
8833,6,0
8834,9,9
8835,0,0
8836,0,0
8837,3,3
8838,1,1
8839,4,4
8840,7,7
8841,9,9
8842,3,3
8843,6,6
8844,7,7
8845,8,8
8846,4,4
8847,7,7
8848,4,4
8849,0,0
8850,8,8
8851,3,3
8852,0,0
8853,1,1
8854,7,7
8855,9,9
8856,6,6
8857,9,9
8858,1,1
8859,6,4
8860,6,6
8861,7,7
8862,1,1
8863,0,0
8864,6,6
8865,3,3
8866,9,7
8867,3,3
8868,1,1
8869,8,8
8870,2,6
8871,5,5
8872,9,9
8873,5,5
8874,8,8
8875,1,1
8876,0,0
8877,9,9
8878,0,2
8879,1,6
8880,6,2
8881,1,1
8882,1,1
8883,4,4
8884,7,7
8885,3,3
8886,0,0
8887,7,7
8888,5,5
8889,8,8
8890,9,9
8891,5,5
8892,4,4
8893,0,0
8894,4,4
8895,7,7
8896,2,2
8897,3,3
8898,8,8
8899,3,3
8900,8,8
8901,1,1
8902,1,1
8903,2,2
8904,4,4
8905,8,8
8906,1,1
8907,6,6
8908,8,8
8909,1,1
8910,8,8
8911,5,5
8912,3,3
8913,2,2
8914,7,7
8915,0,2
8916,2,2
8917,4,4
8918,9,9
8919,6,6
8920,2,0
8921,4,4
8922,9,9
8923,9,9
8924,6,6
8925,9,9
8926,9,9
8927,6,6
8928,7,7
8929,3,3
8930,4,4
8931,3,3
8932,3,3
8933,9,9
8934,6,4
8935,7,7
8936,7,7
8937,8,8
8938,1,1
8939,1,1
8940,0,6
8941,6,6
8942,5,5
8943,7,7
8944,9,9
8945,4,4
8946,7,7
8947,4,6
8948,7,7
8949,0,0
8950,0,0
8951,6,2
8952,9,9
8953,7,9
8954,7,7
8955,7,7
8956,5,5
8957,0,0
8958,1,1
8959,6,4
8960,3,3
8961,6,4
8962,6,6
8963,2,4
8964,0,0
8965,9,9
8966,8,8
8967,7,7
8968,8,8
8969,4,4
8970,2,4
8971,8,8
8972,9,9
8973,9,7
8974,1,1
8975,6,6
8976,7,7
8977,9,9
8978,9,9
8979,0,0
8980,1,1
8981,5,5
8982,1,1
8983,1,1
8984,3,3
8985,6,6
8986,7,7
8987,9,9
8988,8,8
8989,3,3
8990,3,3
8991,8,8
8992,7,5
8993,2,2
8994,4,4
8995,3,3
8996,6,6
8997,8,8
8998,0,6
8999,9,9
9000,6,0
9001,6,6
9002,9,9
9003,3,0
9004,1,1
9005,2,6
9006,8,8
9007,1,1
9008,8,8
9009,2,2
9010,1,1
9011,8,8
9012,1,1
9013,7,7
9014,1,1
9015,9,9
9016,1,1
9017,8,8
9018,3,0
9019,9,9
9020,4,4
9021,1,1
9022,0,0
9023,8,8
9024,4,4
9025,4,4
9026,6,6
9027,8,8
9028,2,2
9029,6,2
9030,5,5
9031,5,5
9032,0,0
9033,2,6
9034,2,6
9035,9,9
9036,8,8
9037,0,0
9038,1,1
9039,0,0
9040,0,0
9041,4,4
9042,8,8
9043,3,3
9044,4,4
9045,7,7
9046,7,7
9047,5,5
9048,9,9
9049,2,2
9050,5,5
9051,4,4
9052,6,4
9053,9,9
9054,9,9
9055,4,4
9056,6,8
9057,7,7
9058,2,6
9059,9,9
9060,1,3
9061,4,4
9062,0,0
9063,2,4
9064,8,8
9065,3,0
9066,1,1
9067,9,9
9068,2,2
9069,1,1
9070,6,6
9071,7,7
9072,3,1
9073,8,8
9074,7,5
9075,6,0
9076,4,4
9077,6,6
9078,4,4
9079,1,1
9080,1,1
9081,9,9
9082,8,8
9083,8,8
9084,9,9
9085,1,1
9086,2,2
9087,6,6
9088,0,0
9089,5,5
9090,2,2
9091,5,5
9092,0,6
9093,8,8
9094,3,3
9095,2,6
9096,3,1
9097,8,8
9098,6,6
9099,1,1
9100,5,5
9101,0,0
9102,3,3
9103,3,3
9104,1,1
9105,9,9
9106,2,2
9107,8,8
9108,7,7
9109,8,8
9110,2,2
9111,3,3
9112,6,6
9113,2,2
9114,5,5
9115,6,0
9116,9,9
9117,0,0
9118,7,7
9119,1,1
9120,1,1
9121,7,7
9122,9,9
9123,0,6
9124,1,1
9125,6,6
9126,7,7
9127,7,5
9128,4,4
9129,6,6
9130,3,3
9131,3,3
9132,6,6
9133,1,1
9134,0,6
9135,0,0
9136,9,9
9137,9,9
9138,8,8
9139,2,2
9140,9,9
9141,6,6
9142,2,2
9143,5,5
9144,4,4
9145,7,7
9146,2,2
9147,6,6
9148,5,5
9149,6,6
9150,0,0
9151,9,9
9152,3,3
9153,9,7
9154,0,0
9155,6,2
9156,3,3
9157,5,5
9158,6,6
9159,4,4
9160,3,3
9161,2,4
9162,6,6
9163,9,9
9164,8,8
9165,8,8
9166,0,3
9167,2,2
9168,0,0
9169,0,0
9170,3,3
9171,9,9
9172,2,2
9173,2,2
9174,8,8
9175,1,1
9176,9,9
9177,2,2
9178,4,4
9179,9,9
9180,0,3
9181,6,6
9182,2,2
9183,0,0
9184,8,6
9185,7,7
9186,0,0
9187,5,5
9188,0,0
9189,6,6
9190,3,3
9191,1,1
9192,3,3
9193,0,0
9194,5,9
9195,5,5
9196,4,4
9197,3,3
9198,7,7
9199,0,0
9200,6,6
9201,2,2
9202,9,9
9203,0,0
9204,7,7
9205,2,6
9206,5,5
9207,6,6
9208,8,8
9209,2,2
9210,1,1
9211,0,0
9212,3,6
9213,6,6
9214,5,5
9215,9,9
9216,3,3
9217,5,5
9218,0,0
9219,2,6
9220,0,0
9221,7,7
9222,4,4
9223,6,6
9224,8,8
9225,3,3
9226,3,3
9227,8,8
9228,8,6
9229,3,3
9230,8,8
9231,9,9
9232,4,4
9233,0,0
9234,8,8
9235,8,8
9236,3,3
9237,8,8
9238,0,0
9239,7,7
9240,7,7
9241,0,0
9242,3,3
9243,6,6
9244,8,8
9245,3,1
9246,5,5
9247,9,9
9248,2,6
9249,2,2
9250,8,8
9251,9,9
9252,4,0
9253,1,1
9254,0,0
9255,5,5
9256,5,5
9257,4,2
9258,2,2
9259,8,8
9260,2,2
9261,3,3
9262,6,6
9263,7,7
9264,4,4
9265,5,5
9266,3,3
9267,7,7
9268,4,4
9269,5,5
9270,8,8
9271,8,8
9272,3,3
9273,9,9
9274,9,5
9275,0,0
9276,6,6
9277,8,2
9278,6,6
9279,3,3
9280,6,6
9281,4,6
9282,9,9
9283,2,2
9284,5,5
9285,6,6
9286,5,5
9287,6,6
9288,3,3
9289,1,1
9290,7,7
9291,8,8
9292,6,0
9293,2,4
9294,7,7
9295,3,3
9296,3,3
9297,8,8
9298,0,6
9299,1,0
9300,9,9
9301,2,2
9302,8,8
9303,5,5
9304,4,4
9305,9,9
9306,6,6
9307,4,6
9308,4,4
9309,8,2
9310,0,0
9311,1,1
9312,1,1
9313,9,9
9314,3,3
9315,8,8
9316,2,2
9317,1,1
9318,9,9
9319,5,5
9320,8,8
9321,4,4
9322,8,8
9323,2,2
9324,3,3
9325,5,5
9326,2,3
9327,6,6
9328,4,4
9329,9,9
9330,2,2
9331,6,6
9332,2,2
9333,9,9
9334,8,8
9335,6,0
9336,5,5
9337,9,9
9338,2,2
9339,4,4
9340,5,5
9341,2,2
9342,1,1
9343,0,0
9344,7,7
9345,2,4
9346,4,4
9347,2,2
9348,7,7
9349,2,4
9350,6,0
9351,3,6
9352,6,6
9353,1,1
9354,5,5
9355,4,4
9356,0,0
9357,1,1
9358,9,9
9359,9,9
9360,5,5
9361,6,6
9362,5,5
9363,6,2
9364,9,9
9365,6,6
9366,6,6
9367,3,4
9368,5,5
9369,4,4
9370,8,8
9371,9,9
9372,0,0
9373,9,9
9374,7,5
9375,5,5
9376,7,5
9377,7,7
9378,9,9
9379,3,3
9380,4,3
9381,8,8
9382,4,4
9383,3,3
9384,9,9
9385,3,3
9386,1,1
9387,0,0
9388,2,2
9389,5,5
9390,6,2
9391,8,8
9392,7,7
9393,9,9
9394,7,7
9395,7,7
9396,7,7
9397,9,9
9398,2,2
9399,6,0
9400,0,0
9401,6,6
9402,7,7
9403,2,6
9404,1,1
9405,8,8
9406,0,0
9407,3,3
9408,8,8
9409,5,5
9410,0,0
9411,5,5
9412,6,6
9413,9,9
9414,1,1
9415,1,1
9416,2,2
9417,2,6
9418,8,8
9419,9,9
9420,7,7
9421,7,7
9422,5,5
9423,8,8
9424,6,6
9425,1,1
9426,4,4
9427,0,0
9428,1,1
9429,8,8
9430,4,4
9431,3,3
9432,4,4
9433,7,7
9434,9,9
9435,3,3
9436,7,7
9437,5,5
9438,5,5
9439,0,0
9440,9,9
9441,1,1
9442,2,2
9443,1,1
9444,2,2
9445,7,7
9446,8,6
9447,6,0
9448,9,9
9449,3,3
9450,4,2
9451,0,1
9452,1,1
9453,7,7
9454,8,8
9455,1,1
9456,0,6
9457,5,5
9458,9,9
9459,0,0
9460,1,0
9461,9,9
9462,5,5
9463,3,3
9464,8,8
9465,8,8
9466,2,2
9467,8,8
9468,5,5
9469,7,7
9470,0,0
9471,7,7
9472,0,0
9473,9,9
9474,6,6
9475,9,9
9476,2,2
9477,9,9
9478,4,4
9479,8,8
9480,5,5
9481,2,2
9482,0,0
9483,1,1
9484,6,6
9485,6,6
9486,4,1
9487,7,7
9488,4,6
9489,1,1
9490,7,7
9491,7,7
9492,8,8
9493,5,5
9494,7,7
9495,0,0
9496,4,6
9497,4,4
9498,2,2
9499,1,1
9500,2,6
9501,8,8
9502,0,0
9503,0,0
9504,2,2
9505,9,7
9506,5,5
9507,9,9
9508,1,1
9509,0,0
9510,4,4
9511,3,3
9512,7,7
9513,0,6
9514,6,6
9515,3,3
9516,1,1
9517,8,8
9518,4,4
9519,7,7
9520,2,2
9521,5,5
9522,9,9
9523,3,3
9524,1,1
9525,7,8
9526,1,1
9527,9,9
9528,2,2
9529,9,9
9530,6,6
9531,2,2
9532,6,2
9533,1,1
9534,8,8
9535,3,3
9536,9,9
9537,8,8
9538,4,2
9539,0,0
9540,4,4
9541,8,8
9542,4,4
9543,5,5
9544,1,1
9545,2,2
9546,2,2
9547,6,6
9548,4,4
9549,6,1
9550,8,8
9551,5,5
9552,7,7
9553,7,7
9554,7,7
9555,3,3
9556,5,5
9557,5,5
9558,7,7
9559,9,9
9560,9,9
9561,8,8
9562,2,2
9563,8,8
9564,2,2
9565,1,1
9566,3,3
9567,3,3
9568,4,4
9569,8,8
9570,9,9
9571,4,4
9572,6,0
9573,7,7
9574,3,6
9575,6,2
9576,8,8
9577,1,1
9578,6,0
9579,6,6
9580,1,1
9581,6,6
9582,5,5
9583,4,2
9584,9,9
9585,7,7
9586,2,2
9587,8,8
9588,7,7
9589,3,3
9590,7,7
9591,8,8
9592,1,1
9593,2,2
9594,1,1
9595,7,7
9596,4,4
9597,8,8
9598,8,8
9599,5,5
9600,0,0
9601,2,2
9602,0,6
9603,0,6
9604,1,1
9605,6,2
9606,6,6
9607,5,5
9608,0,0
9609,1,1
9610,5,5
9611,5,5
9612,2,2
9613,5,5
9614,1,1
9615,7,9
9616,8,8
9617,7,7
9618,1,1
9619,2,2
9620,7,7
9621,0,0
9622,9,9
9623,3,3
9624,1,1
9625,9,9
9626,0,0
9627,4,4
9628,6,6
9629,6,6
9630,5,5
9631,9,9
9632,9,9
9633,2,4
9634,2,2
9635,7,7
9636,1,1
9637,8,8
9638,1,1
9639,4,4
9640,2,2
9641,3,3
9642,7,7
9643,8,8
9644,4,4
9645,0,6
9646,4,4
9647,5,5
9648,1,1
9649,2,2
9650,9,9
9651,3,3
9652,5,5
9653,8,8
9654,0,0
9655,1,1
9656,9,9
9657,6,6
9658,7,7
9659,3,3
9660,7,7
9661,4,4
9662,4,4
9663,6,0
9664,6,6
9665,2,2
9666,1,1
9667,3,1
9668,3,3
9669,0,0
9670,7,7
9671,0,0
9672,5,5
9673,9,9
9674,8,8
9675,9,9
9676,3,3
9677,7,7
9678,9,9
9679,9,9
9680,6,4
9681,8,8
9682,8,8
9683,0,0
9684,1,1
9685,4,6
9686,4,4
9687,0,0
9688,2,6
9689,8,8
9690,1,1
9691,2,6
9692,1,1
9693,3,6
9694,3,3
9695,2,2
9696,7,7
9697,8,8
9698,7,7
9699,0,0
9700,4,4
9701,3,3
9702,4,4
9703,4,4
9704,5,5
9705,7,7
9706,9,9
9707,4,2
9708,5,5
9709,2,2
9710,4,4
9711,5,5
9712,0,0
9713,1,1
9714,7,7
9715,6,6
9716,7,7
9717,6,6
9718,0,0
9719,0,0
9720,3,0
9721,5,5
9722,1,1
9723,1,1
9724,2,2
9725,4,4
9726,6,6
9727,9,9
9728,8,8
9729,1,1
9730,0,6
9731,1,1
9732,6,6
9733,8,8
9734,5,5
9735,4,4
9736,0,0
9737,4,4
9738,0,0
9739,4,4
9740,9,9
9741,3,3
9742,8,8
9743,5,5
9744,2,2
9745,8,8
9746,6,6
9747,2,2
9748,8,8
9749,6,0
9750,4,4
9751,4,4
9752,0,0
9753,8,8
9754,7,7
9755,5,5
9756,2,2
9757,8,8
9758,9,9
9759,2,2
9760,9,9
9761,5,5
9762,9,9
9763,2,2
9764,1,1
9765,0,0
9766,4,4
9767,1,1
9768,7,7
9769,7,7
9770,1,1
9771,7,7
9772,3,3
9773,5,5
9774,8,8
9775,7,7
9776,2,2
9777,5,5
9778,1,1
9779,5,5
9780,2,2
9781,0,0
9782,6,6
9783,0,0
9784,1,1
9785,2,2
9786,4,4
9787,4,4
9788,8,8
9789,0,0
9790,3,3
9791,2,2
9792,8,0
9793,3,3
9794,5,5
9795,1,1
9796,3,3
9797,3,3
9798,0,0
9799,5,5
9800,1,1
9801,8,8
9802,3,3
9803,1,1
9804,8,8
9805,5,7
9806,8,8
9807,4,4
9808,2,2
9809,0,0
9810,3,0
9811,7,7
9812,8,8
9813,1,1
9814,3,3
9815,9,9
9816,0,0
9817,2,2
9818,8,8
9819,1,1
9820,4,4
9821,8,8
9822,8,8
9823,3,3
9824,0,0
9825,8,8
9826,5,5
9827,7,7
9828,5,5
9829,4,4
9830,7,7
9831,7,7
9832,6,6
9833,1,1
9834,8,8
9835,1,1
9836,7,9
9837,7,7
9838,0,0
9839,3,3
9840,1,1
9841,6,6
9842,5,5
9843,5,5
9844,3,3
9845,8,8
9846,9,9
9847,4,4
9848,0,0
9849,9,9
9850,5,5
9851,1,1
9852,7,7
9853,6,2
9854,1,1
9855,5,5
9856,2,2
9857,6,8
9858,3,3
9859,3,3
9860,3,6
9861,7,7
9862,1,1
9863,3,3
9864,4,4
9865,4,4
9866,5,5
9867,7,7
9868,0,0
9869,2,6
9870,7,7
9871,3,3
9872,3,3
9873,7,7
9874,8,8
9875,8,8
9876,2,2
9877,5,5
9878,6,6
9879,9,9
9880,7,7
9881,1,0
9882,2,2
9883,9,9
9884,3,3
9885,0,0
9886,5,5
9887,5,5
9888,6,6
9889,9,9
9890,1,1
9891,4,4
9892,1,1
9893,5,5
9894,6,6
9895,4,4
9896,1,1
9897,4,4
9898,0,0
9899,3,3
9900,3,3
9901,6,6
9902,3,3
9903,6,0
9904,8,8
9905,4,6
9906,7,7
9907,5,5
9908,5,5
9909,7,7
9910,0,0
9911,7,7
9912,9,9
9913,4,4
9914,4,4
9915,2,2
9916,9,9
9917,2,1
9918,9,7
9919,1,1
9920,8,8
9921,8,8
9922,8,8
9923,9,5
9924,8,8
9925,3,3
9926,8,8
9927,9,9
9928,0,3
9929,8,0
9930,0,0
9931,2,2
9932,1,1
9933,8,8
9934,4,4
9935,6,4
9936,0,0
9937,0,0
9938,9,9
9939,5,5
9940,3,3
9941,1,1
9942,5,5
9943,1,1
9944,3,3
9945,5,5
9946,6,0
9947,8,2
9948,2,6
9949,1,1
9950,7,5
9951,3,3
9952,0,0
9953,8,8
9954,2,6
9955,9,9
9956,6,6
9957,9,9
9958,6,6
9959,0,0
9960,4,4
9961,1,1
9962,2,6
9963,6,6
9964,6,4
9965,9,9
9966,1,1
9967,4,4
9968,9,9
9969,7,7
9970,8,8
9971,2,2
9972,6,6
9973,0,2
9974,9,9
9975,7,7
9976,8,8
9977,5,5
9978,0,6
9979,9,9
9980,0,6
9981,0,0
9982,0,0
9983,8,8
9984,1,1
9985,3,3
9986,1,2
9987,7,7
9988,5,5
9989,8,8
9990,4,4
9991,5,5
9992,6,6
9993,8,8
9994,9,9
9995,1,1
9996,9,9
9997,1,1
9998,8,8
9999,1,1
10000,5,5
